rank,name,e_above_hull,r_DOS,reward
1,Cu6Sn6Eu,0.0381690928780467,16389.303805319214,14578.911343618802
2,Cu6Pb6Yb,0.0052941502856902,12845.237070984353,12844.67467567372
3,Ni6Pb6Yb,0.0168150593905894,9899.245242567047,9892.365180559515
4,Cu6Sn6Tb,0.032655333357056,9069.361347077169,8791.356362237317
5,Cu6Sn6Yb,-0.1188425439522279,8778.726311397206,8778.726311397206
6,Ta6Ge6Yb,-0.1817261863003326,8467.355114456475,8467.355114456475
7,Cu6Sn6Dy,0.0366415204949092,8890.8498612915,8198.443942264503
8,Zn6Pb6Yb,0.0012487055082404,8182.507780912097,8182.372095718769
9,Ni6Sn6Gd,0.028400731753681,8239.385228872403,8147.51169977456
10,Cu6Sn6Gd,0.0206928374126901,8073.824320084616,8059.600337652693
11,Fe6Ge6Er,-0.0058567401646467,7949.120226648127,7949.09627349783
12,Zn6Ge6Yb,-0.0091810804252634,7550.52631751214,7550.51607225347
13,Ni6Sn6Yb,-0.3090507815706659,7543.393519780435,7543.393519780435
14,Os6Ge6Tb,-0.0260194581761459,6855.091604701143,6855.09144121394
15,Fe6Sn6Ho,-0.0015305281495666,6848.593002868405,6848.534716400361
16,Hf6Ge6Yb,-0.4083276383892546,6658.726216124038,6658.726216124038
17,Ni6Ge6Yb,-0.4057676144359989,6578.112347677,6578.112347677
18,Cu6Sn6Tm,0.0377709547311553,7275.828523463107,6541.673321758403
19,Os6Ge6Eu,0.0101207811763305,6497.933250812862,6497.027232365242
20,Hf6Pb6Yb,-0.0973219287343213,6459.721806318329,6459.721806318324
21,Zn6Sn6Yb,-0.0568299978917826,6019.331631563245,6019.331631475015
22,Ni6Ge6Tb,0.031205830425672,6048.210568268625,5916.694066546445
23,Ni6Sn6Lu,0.0327159711346455,6034.226633982497,5846.588871638154
24,Hf6Pb6Ho,-0.0182858211685274,5819.078374499444,5819.077486511865
25,Co6Sn6Ho,-0.0022701350610268,5793.942200875361,5793.90091028308
26,Rh6Ge6Yb,-0.5793080460241199,5790.258301875066,5790.258301875066
27,Cu6Ge6Yb,-0.1020839749072986,5710.443765049512,5710.443765049511
28,Ni6Ge6Dy,0.0248350478293005,5705.494061287644,5678.371556607763
29,Fe6Ge6Gd,-0.0436660498027494,5567.956878274395,5567.9568763519665
30,Hf6Pb6Tm,-0.0223555871877592,5275.130999046431,5275.130695942553
31,Cu6Sn6Nd,0.0299322895391003,5319.098368563519,5233.651798110653
32,Cu6Sn6Pm,0.0321861952293088,5136.666838894132,4995.748320392247
33,Co6Ge6Gd,0.0237941876914011,4897.09785325409,4878.954648483462
34,Ni6Ge6Tm,0.0175649971468297,4882.272538789214,4878.210453416573
35,Co6Sn6Er,-0.0012703668940937,4868.409133386771,4868.36503018548
36,Hf6Pb6Er,-0.0205501936145742,4743.855574209014,4743.855153804774
37,Fe6Ge6Ho,-0.0081987733303153,4721.921158213005,4721.913047652145
38,Os6Ge6Ce,-0.0257323154987974,4705.661390740857,4705.661270508807
39,Cu6Sn6Sm,0.0321842604156072,4700.892575699461,4571.988070640067
40,Ni6Ge6Lu,0.0132245676616675,4523.74184873976,4522.413427294788
41,Ag6Pb6Er,0.0282281291526843,4552.27249008795,4503.560977137706
42,Os6Ge6Sm,-0.0163434642842005,4375.932079362094,4375.931015031839
43,Fe6Sn6Er,-0.0030520909986452,4350.937918281073,4350.912216908948
44,Re6Ge6Ce,0.0031503315651159,4334.499938172835,4334.386491773062
45,Hf6Sn6Yb,-0.3244691907176885,4290.061405570176,4290.061405570176
46,Fe6Sn6Dy,0.0044841641692586,4284.250040794321,4284.095604043567
47,Ta6Sn6Yb,-0.0551512885505987,4277.533205047314,4277.533204953507
48,Ni6Ge6Ce,0.0405363041055414,5173.170416096789,4205.487087563278
49,Zr6Pb6Pr,-0.0953436428757639,4181.2433778213335,4181.243377821327
50,Zr6Pb6Nd,-0.0966067941955979,4136.321201391675,4136.32120139167
51,Fe6Sn6Ce,0.0310269446560641,4028.907076021499,3944.9429665433
52,Zr6Pb6Ce,-0.0737870809351096,3784.463643068739,3784.463643067792
53,Ag6Pb6Lu,0.0403325247776479,4574.887295080317,3756.309569952831
54,Zr6Pb6Tb,-0.1111887434625796,3720.6232058714113,3720.6232058714113
55,Fe6Ge6Nd,-0.0210501252944219,3677.0165444675144,3677.0162554507747
56,Ni6Ge6Pm,-0.0408062265401738,3612.4207916197524,3612.420789142136
57,Zr6Pb6Eu,-0.0992795721201533,3586.3337819033472,3586.3337819033454
58,Ag6Sn6Yb,-0.1238743117877972,3560.4867540730556,3560.4867540730556
59,Ni6Sn6Tb,0.0396663886734248,4194.794837511627,3546.5526772995286
60,Fe6Sn6Tb,0.0056362598400941,3511.1913788847964,3511.0244960898217
61,Fe6Sn6Lu,-0.0069440572560171,3504.4320520092388,3504.4239175334105
62,Fe6Sn6Tm,-0.0002096420016182,3484.531047880396,3484.4903298383565
63,Fe6Sn6Sm,0.0235217236450588,3456.8215228900744,3444.823657271054
64,Os6Ge6Nd,-0.0128752620460232,3398.9571572120403,3398.955256814238
65,Ag6Pb6Yb,-0.0971771087609334,3371.6972062855616,3371.6972062855584
66,Ni6Sn6Tm,0.03439559938156,3513.7078446484225,3351.454524073497
67,Re6Ge6Nd,0.0338599604186403,3467.3098947861704,3326.120556468497
68,Re6Si6Pm,-0.0012806870958264,3321.7450813899845,3321.7150639486977
69,Hf6Pb6Eu,-0.0109621079706846,3261.5905795592066,3261.5876932852925
70,Pd6Pb6Yb,-0.3426406351406858,3252.3470225816463,3252.3470225816463
71,Re6Ge6Tb,0.0132519033861033,3228.10754108566,3227.1533510874397
72,Cu6Ge6Pm,0.0047813349589761,3201.839359983197,3201.715409244639
73,Zr6Pb6Pm,-0.15855792985461,3197.9973431580497,3197.9973431580497
74,Fe6Ge6Pm,-0.0279431203913569,3197.6696372802544,3197.669589218515
75,Fe6Sn6Pm,0.036778611099601,3464.2295019006756,3185.7790632015403
76,Zr6Pb6Sm,-0.1015666064224046,3166.596327417325,3166.596327417324
77,Fe6Ge6Ce,-0.0304306733335876,3150.42889864091,3150.4288725759984
78,Os6Ge6Pr,-0.0069036525656745,3124.276418889065,3124.269096163078
79,Fe6Ge6Pr,0.0018294850562471,3115.75920126417,3115.6998070113636
80,Fe6Ge6Yb,-0.2419789065998805,3059.1219357363884,3059.1219357363884
81,Ta6Sn6Lu,0.0406175450803871,3764.2325823062506,3047.5584923919496
82,Fe6Sn6Gd,0.014251216036046,3008.485947992227,3007.355692856648
83,Ni6Sn6Dy,0.038194800826707,3377.7880171720294,3002.490451090428
84,Ag6Pb6Ho,0.0294886509344543,3038.207866263299,2994.295604290994
85,Ag6Pb6Tm,0.0265217476290482,2963.9551370386157,2942.8591810339517
86,Fe6Ge6Tb,-0.0085832112744839,2941.218796959865,2941.214190266608
87,Ni6Ge6Sm,0.0384699614908115,3300.217175317814,2909.9858792440705
88,Ni6Sn6Ce,0.040407915198824,3525.556594219695,2884.263772172678
89,Hf6Pb6Ce,0.0129731558847668,2864.0507475760055,2863.2589435827736
90,Re6Ge6Pr,0.0413476694487686,3634.4916206532025,2824.755287535459
91,Zr6Pb6Lu,-0.1246772811220245,2805.659801319574,2805.659801319574
92,Zr6Pb6Dy,-0.1063823097593798,2801.4870440637023,2801.487044063702
93,Fe6Sn6Nd,0.0412375794664178,3409.245550895353,2667.343069880889
94,Os6Ge6Pm,-0.0256111470832991,2661.144455298264,2661.144385298352
95,Ti6Pb6Lu,-0.0270844180927412,2655.929239612309,2655.929190557057
96,Ni6Ge6Gd,0.0007794802287195,2647.7913036844475,2647.752073305986
97,Mn6Ge6Ho,-0.0008175366498258,2629.6964450713544,2629.669887568201
98,Re6Ge6Pm,0.0420786448454899,3545.6275582434873,2623.8979020278084
99,Ti6Pb6Gd,-0.0011758219941403,2620.6350634820037,2620.6107781510045
100,Fe6Ge6Dy,-0.0090166204556834,2618.7069282693915,2618.7032319085456
101,Hf6Si6Yb,-0.3704257395717893,2614.6847860363005,2614.6847860363005
102,Ta6Sn6Er,0.0457212818657861,5491.569149608103,2595.4580321748135
103,Hf6Pb6Tb,-0.0175840871483405,2559.4391484773314,2559.4386862669476
104,Fe6Ge6Sm,-0.0308068625645231,2506.3531068028956,2506.353087856859
105,Ag6Pb6Pr,0.0092029481001544,2496.506370943187,2496.2270946330996
106,Ag6Pb6Nd,0.0123328646781082,2480.1806252245233,2479.592606906171
107,Ag6Pb6Ce,0.0192429200754531,2479.4840092732475,2476.398763236012
108,Ti6Sn6Tb,0.0104562710901622,2467.6746505203905,2467.3017306743805
109,Hf6Pb6Nd,-0.005357525022287,2454.1533410969496,2454.145004693642
110,Mo6Sn6Dy,0.0159391696018531,2425.646413012261,2424.280095005793
111,Ag6Pb6Pm,0.0136025041890649,2410.343159273943,2409.5681561254332
112,Ti6Sn6Tm,0.0135382433032411,2402.976252663421,2402.2154409654577
113,Ag6Pb6Sm,0.0154305813463772,2392.321525415288,2391.1287809684404
114,Au6Si6Yb,0.0354263260542129,2534.4409554480603,2385.5260040597586
115,Rh6Sn6Yb,-0.5555405394186962,2382.487396319387,2382.487396319387
116,Co6Sn6Ce,0.0324977560413829,2442.2623876978096,2370.1365436713213
117,Fe6Ge6Eu,0.0074945922921627,2335.298950243033,2335.125574237178
118,Ru6Ge6Tb,-0.0189054144180668,2313.9661031946152,2313.9657988756217
119,Mo6Sn6Gd,0.0254776035991185,2316.087905106808,2303.247062866158
120,Ag6Pb6Eu,-0.0082055032892514,2284.6710323656994,2284.667114456526
121,Ta6Si6Yb,-0.2063293805349498,2283.177357544436,2283.177357544436
122,Mn6Sn6Gd,0.0036207317778664,2265.585290260537,2265.518906540484
123,Ir6Sn6Eu,0.0114854091275474,2247.8432041850206,2247.408341473251
124,Cd6Sn6Yb,-0.0682119771148093,2238.854189050499,2238.854189048362
125,Ru6Ge6Pr,-0.0020068647157416,2222.57827461439,2222.5614022959303
126,Cr6Ge6Ho,0.0039264189430761,2209.040350701191,2208.9706966607046
127,Ir6Sn6Gd,-0.0229812437357631,2203.100386019062,2203.100277080929
128,Ni6Sn6Ho,0.0362330046084627,2367.9040002875245,2200.1071054750155
129,Ti6Sn6Lu,0.0060786691775225,2195.9659854996153,2195.8499224065968
130,Cu6Si6Yb,-0.090416887854201,2169.2529518739534,2169.2529518739434
131,Zr6Pb6Yb,-0.2925953440086503,2149.4574549855583,2149.4574549855583
132,Os6Ge6Tm,-0.0079981761389212,2136.44593302422,2136.44208238859
133,Pd6Si6Yb,-0.5202073861390499,2131.887633028689,2131.887633028689
134,Rh6Sn6Tb,-0.0205662267489361,2119.493319752839,2119.4931326430383
135,Ru6Sn6Ho,-0.0014848698865663,2119.1485413106784,2119.130307109066
136,Ag6Pb6Tb,0.022027260538684,2121.744635468769,2116.5973475446353
137,Tc6Sn6Tb,0.03106999036453,2153.7312158234017,2108.3853572259914
138,Pd6Sn6Yb,-0.5612343867412855,2076.7764864718915,2076.7764864718915
139,Mn6Ge6Gd,-0.0397221413034667,2067.678932046035,2067.678930206476
140,Mn6Ge6Eu,-0.0095693857698255,2062.097762741739,2062.095213672389
141,Ru6Ge6Pm,-0.1362384413392182,2056.7191736242235,2056.7191736242235
142,Hf6Pb6Pm,-0.0708479839268528,2036.720413296407,2036.7204132953746
143,Fe6Ge6Tm,-0.0069065251582061,2028.1292883332426,2028.1245380494372
144,Re6Si6Lu,0.0224155565012907,2031.6774952080953,2026.2679466907173
145,Mn6Sn6Ho,-0.0007384636171012,2016.8109187022746,2016.7901605544703
146,Ag6Pb6Gd,0.0140875669772937,2012.600987436973,2011.873991350192
147,Mn6Ge6Yb,-0.2696818548692695,2011.5587889029948,2011.5587889029948
148,Co6Sn6Tb,0.0030981139835997,2002.0048374530766,2001.95309175663
149,Co6Sn6Sm,0.0299501107337012,2033.2356928437937,2000.4347065259192
150,Co6Sn6Tm,0.0012369069563106,1993.73802898649,1993.7050616119034
151,Mn6Sn6Er,-0.0006508445775134,1982.3291018898,1982.3082650565132
152,Co6Sn6Pm,0.0234355710667757,1986.0905197153988,1979.3380638141198
153,Ag6Pb6Dy,0.023926822471395,1959.2375426375752,1951.744453372381
154,Os6Ge6Ho,-0.0119955796299211,1945.0508948001036,1945.0495516651142
155,Ru6Ge6Ce,-0.0305518268263694,1934.14365056318,1934.1436350197314
156,Rh6Sn6Pm,-0.0372331429648261,1928.7807479594073,1928.780744840924
157,Nb6Sn6Er,0.025634921528181,1932.3306992273856,1921.2064436582966
158,Ag6Ge6Yb,0.0427570532811227,2736.155624867607,1917.8914433323773
159,Co6Sn6Dy,0.0018627391502586,1902.0446459912548,1902.0080976806394
160,Ti6Pb6Yb,-0.1471217717825587,1896.6039827301456,1896.6039827301456
161,V6Sn6Gd,-0.0077782673664208,1879.4717491093868,1879.4681780461624
162,Co6Sn6Yb,-0.1719678070487633,1869.1159176860017,1869.1159176860017
163,Ru6Sn6Dy,-0.0242371663318356,1862.0348488264667,1862.034780713815
164,Hf6Pb6Sm,-0.0064919729086835,1854.03631780581,1854.0315210107328
165,Fe6Ge6Lu,-0.0016097523003669,1853.9688320432256,1853.9533506066325
166,Re6Ge6Sm,0.0288424348670869,1870.726544601715,1847.548637448131
167,Ni6Sn6Er,0.0340551236311331,1920.665031893163,1838.784801366634
168,Ag6Sn6Pr,0.0403463887897423,2228.8653360593908,1828.847890970865
169,Mn6Ge6Ce,-0.0522907564360619,1818.6763038693748,1818.6763037901335
170,Pd6Pb6Eu,0.0116132883953529,1803.1223506699628,1802.7626518728575
171,Ti6Sn6Ce,-0.0219276328227729,1790.9972673623604,1790.9971533218538
172,Fe6Sn6Yb,-0.1052388645286726,1788.1960727874812,1788.196072787481
173,Mn6Ge6Pr,-0.0198127860900532,1771.5265788628337,1771.5263914739683
174,Ru6Ge6Sm,-0.0090241405860027,1766.55376647825,1766.5512774461565
175,Ti6Sn6Yb,-0.3979169460430846,1756.7077743879881,1756.7077743879881
176,Cd6Pb6Yb,-0.0629943704012916,1749.598629033176,1749.5986290273347
177,Ag6Sn6Eu,0.0254961907627423,1753.0423587428038,1743.279818166955
178,Ru6Ge6Nd,-0.0062958173189917,1737.2076752428663,1737.2029640588223
179,Ag6Sn6Gd,0.0465796019490702,4458.21060275569,1733.5877085899212
180,Os6Sn6Yb,0.0025227532669665,1722.255601629963,1722.2168279333705
181,Ti6Pb6Ho,-0.0121009503294551,1720.465266374658,1720.4641079928008
182,Mn6Ge6Pm,-0.0853877283753911,1696.8360267830967,1696.8360267830706
183,Ti6Sn6U,0.0141034944883878,1687.3639335374728,1686.7520863209427
184,Zr6Pb6U,-0.0254172959209997,1684.0960809899645,1684.0960345810784
185,Rh6Sn6Sm,-0.0226155362278501,1682.6659655798246,1682.6658747430947
186,Mn6Sn6U,0.0024872253536808,1664.1833755237035,1664.1462273280702
187,Ti6Pb6Er,-0.0150970964024218,1656.1089062901533,1656.1083630342232
188,Os6Si6Ho,-0.0160558212662312,1648.3884978747133,1648.3880682921622
189,Zr6Pb6Er,-0.1135184010089617,1647.4428388222132,1647.4428388222132
190,Rh6Sn6Nd,-0.0261059126766919,1636.8852352937686,1636.8851970573223
191,Rh6Sn6Pr,-0.0196902770232789,1629.4593938213743,1629.4592163170844
192,Ru6Ge6Yb,-0.3793302120710765,1628.1354489762007,1628.1354489762007
193,Ti6Si6Yb,-0.413119984690634,1615.0580222002104,1615.0580222002104
194,Mn6Ge6Sm,-0.0004623792078494,1611.6749230183518,1611.6571983884376
195,Mn6Ge6Tm,-0.0004045324113727,1594.0329406812318,1594.0151649941442
196,Re6Ge6Ho,0.014387437436296,1594.5630080861897,1593.9440433259242
197,Co6Ge6Ce,0.0181237912055907,1592.8049415708692,1591.2896117296307
198,Cr6Ge6Gd,0.0002895021204452,1590.6805612122787,1590.6596079655026
199,Au6Sn6Yb,-0.1979206723109887,1585.333834402583,1585.333834402583
200,Mn6Ge6Lu,-0.0003751616736997,1577.6086550044297,1577.5909380242356
201,Ir6Ge6Gd,0.013486724465995,1575.673080413701,1575.1803324711054
202,Mn6Si6Gd,0.0310502069839879,1596.4824734817814,1563.0267902515548
203,Mn6Ge6Tb,-0.0119323459492772,1557.56666268385,1557.565570674836
204,Mn6Ge6Dy,-0.0002916041042558,1556.8487718423914,1556.8309338464658
205,Nb6Ge6Yb,-0.2471693195789332,1555.8678856442623,1555.8678856442623
206,Nb6Sn6Lu,0.0200937456765477,1548.7970370159208,1546.4336006100211
207,Re6Ge6Tm,0.0175855791573564,1544.303513508697,1543.0122821359537
208,Pd6Ge6Yb,-0.4913218508571256,1535.402448184949,1535.402448184949
209,Ti6Sn6Gd,-0.015158305363628,1528.3251015724138,1528.3246075445109
210,Nb6Sn6Ho,0.0243094911237718,1529.8587947441565,1523.446239852791
211,Os6Si6Tm,-0.0176768178849213,1505.4638894424386,1505.46362355376
212,Mn6Ge6U,-0.0361884499619526,1496.6975541523268,1496.697551042876
213,Ru6Sn6Gd,0.0355075073906752,1590.2144511837803,1494.9957055899133
214,Fe6Sn6U,0.0112258708799073,1487.439126199443,1487.1687452761996
215,Mo6Sn6Tm,0.0082724796334638,1486.7879143413622,1486.6548774936073
216,Pd6Si6Pm,0.022221038623756,1489.6796054337028,1485.8938655998563
217,Rh6Si6Yb,-0.7566569464496218,1475.1266154357547,1475.1266154357547
218,Ru6Ge6Tm,-0.0260445819549981,1472.8908733785659,1472.8908384627332
219,Ti6Sn6Pm,-0.0102740536825247,1439.9657550562602,1439.964251995306
220,Rh6Sn6Ce,-0.0117698399608743,1434.3700289220326,1434.3689832899859
221,Ta6Sn6Tm,0.0461567851851883,3300.3341997217262,1422.6095845546095
222,Ni6Sn6Pm,0.0246962121877558,1411.8950138550476,1405.4026651600109
223,Tc6Ge6Gd,-0.1839216934534678,1387.077944548611,1387.077944548611
224,Tc6Sn6Lu,0.0224347652735634,1387.901380288189,1384.18889851868
225,Co6Ge6Tb,0.0226707573677465,1379.7075445699413,1375.8022254249981
226,Ru6Si6Yb,-0.5242717458595408,1360.2864166036961,1360.2864166036961
227,Co6Ge6Pm,-0.0783340789602076,1359.3884863298936,1359.3884863297794
228,Tc6Ge6Dy,-0.1676628169548438,1352.0599751786424,1352.0599751786424
229,Co6Ge6Dy,0.0195112367446113,1341.2246363909933,1339.4448049698938
230,Cr6Ge6Er,-0.0064760718350014,1335.3531393486294,1335.3496712899455
231,Mn6Ge6Nd,-0.0003092949398185,1332.8797326707847,1332.864525561077
232,Co6Sn6Nd,0.0431077943588967,1956.4622273693922,1328.2358034221784
233,Rh6Sn6Ho,-0.0079860035358046,1313.7967506601433,1313.794375803169
234,Tc6Sn6Er,0.0248535300564714,1317.563033437465,1311.2718874585996
235,Fe6Sn6Eu,0.0463401281740884,3173.0537157140643,1310.3707463051153
236,V6Sn6Ho,-0.0213840574457599,1308.8428216304296,1308.8427266773758
237,Ti6Sn6Er,0.0125654043177756,1282.3746208449218,1282.0531383956186
238,Rh6Pb6Yb,-0.1997776612477694,1265.790992569609,1265.790992569609
239,Ti6Sn6Nd,0.0189304491070007,1253.8807020013503,1252.433146674344
240,Ir6Ge6Lu,0.0212047144850708,1248.5861693742058,1246.0992384551798
241,Mn6Sn6Tb,-0.0033600999255747,1242.2682655378894,1242.261450238683
242,Ru6Ge6Ho,-0.0237388408472256,1240.221934696086,1240.221883565568
243,Ti6Sn6Pr,0.012684305869854,1233.858766821053,1233.5404940989713
244,Ta6Sn6Sm,0.0390337050942762,1420.55939786123,1229.8841862537822
245,Rh6Sn6Tm,0.0027555097185762,1215.3824470174948,1215.353512739964
246,Pt6Ge6Yb,-0.4958207004735737,1207.2587691582696,1207.2587691582696
247,V6Ge6U,0.0190936983347084,1198.394831986705,1196.9560849519219
248,Ru6Ge6U,0.0143010112946538,1186.4663170881877,1186.0152167758774
249,V6Sn6Tb,-0.0168942336454833,1166.85709633545,1166.8568476694256
250,V6Sn6Er,-0.0247299124643166,1163.085294420941,1163.0852566208987
251,Os6Ge6Yb,-0.1525444145996525,1157.4157142066397,1157.4157142066397
252,Tc6Ge6U,-0.0674961386172431,1155.864157866129,1155.8641578648192
253,Nb6Sn6U,0.0251259691679634,1146.7262580879856,1140.8817955811728
254,V6Sn6U,0.0144061979474397,1137.5268658375946,1137.083317514154
255,Ti6Sn6Sm,0.021233522735306,1137.4171196390266,1135.135912798704
256,Ti6Sn6Ho,0.0139596866822022,1123.2988496722587,1122.9053512212279
257,V6Sn6Tm,-0.0263896305780518,1113.0760564026907,1113.0760321135572
258,Cu6Ge6Lu,0.0478981459436846,4466.891543612938,1103.352107931634
259,V6Sn6Yb,-0.1765886710752413,1098.2553484416937,1098.2553484416937
260,Nb6Si6Yb,-0.2293424751676575,1095.317431784072,1095.317431784072
261,Fe6Sn6Pr,0.0477518090448405,4133.91945284778,1088.96874284529
262,Fe6Ge6U,-0.0259774851356455,1083.5703409252383,1083.570314821513
263,V6Sn6Sm,0.0008243467991611,1083.050823375948,1083.034602884012
264,Ru6Ge6Eu,0.0233696095338771,1082.70429991514,1079.0809609850253
265,Cu6Si6Pm,0.0221169808454488,1075.2540997534365,1072.5888580606666
266,V6Sn6Pr,0.0263425648469378,1071.264286946139,1063.9594095659602
267,Tc6Sn6Yb,-0.0733257439917736,1056.6382375896562,1056.6382375893606
268,Os6Ge6U,0.040166004713526,1265.0719221954612,1046.8174849340176
269,Rh6Sn6Eu,-0.0579647445279769,1039.9659175596998,1039.9659175480904
270,Mn6Sn6Nd,0.0237771670521209,1036.0548161344623,1032.2319669856688
271,Mn6Sn6Pr,0.0286996946368302,1042.8747175349718,1030.3862613594447
272,Ir6Sn6Pm,-0.0786894116695918,1028.8221754813944,1028.8221754813148
273,Mn6Sn6Yb,-0.1183474776286415,1023.3554955602827,1023.3554955602827
274,Mn6Sn6Dy,-0.0051768247338702,1021.1750339819729,1021.1714114544714
275,Mn6Sn6Sm,0.0099190270926984,1019.6457145637577,1019.5102631445719
276,Mn6Sn6Pm,0.0250268214641083,1024.5062238973974,1019.4071510852327
277,Mn6Sn6Eu,0.0386274463220594,1160.8648950333315,1018.6359194961744
278,Pd6Sn6Pm,0.0283436762163264,1027.9786813462197,1016.6712048817426
279,V6Sn6Nd,0.0193182954249142,1016.9774035014278,1015.6888831393721
280,Pd6Sn6Ce,0.0371975757679339,1092.6276216590554,995.9246071557801
281,V6Sn6Lu,-0.035005219610191,994.489940882479,994.4899381378799
282,Tc6Sn6U,0.0069206808173284,992.1342049764347,992.070024959717
283,Mo6Ge6Yb,-0.117757216242987,984.4554632009281,984.4554632009281
284,Ta6Sn6Dy,0.0461494323818726,2262.660963601169,976.9452350926039
285,Ru6Sn6Lu,0.0239767343992242,975.9936708839589,972.2160953259752
286,Ir6Sn6Sm,0.0275211553477336,981.0635795465348,972.1966157806152
287,V6Sn6Pm,0.0291308217787836,970.0426644690912,957.1684498366594
288,Co6Ge6Sm,0.0362690228456479,1028.7511900383688,955.2404472648411
289,Mo6Sn6Ho,0.0063978942340027,954.9636836554198,954.909192311773
290,Tc6Ge6Er,-0.1787978900045407,949.0760209042159,949.0760209042159
291,Rh6Sn6Gd,-0.0688779669328625,931.0389987525195,931.0389987517623
292,Cr6Ge6U,0.0360911557149051,996.625877036673,928.2847201988714
293,V6Sn6Ce,0.0240766962684549,921.9706759827963,918.3157216677622
294,Co6Ge6U,0.0131529323282697,912.0449363442783,911.78167397315
295,Au6Ge6Yb,-0.0546462876232343,902.8733109638156,902.8733109414643
296,Co6Ge6Er,0.0159762951349733,894.5774864986984,894.0690803587142
297,Mn6Ge6Er,-0.0002941084833779,888.6869612559533,888.676785014368
298,Cr6Ge6Lu,-0.0038982737048337,878.9884311128768,878.9841931356093
299,Ir6Sn6Pr,0.0312201768810865,896.267412712512,876.7118639723071
300,Ta6Sn6Tb,0.0448660826978258,1595.9044619106244,875.171445591902
301,Tc6Sn6Tm,0.0258111647119966,873.8227430032722,868.5755288869134
302,Tc6Si6Gd,-0.029746723813614,855.520902249546,855.5208939087843
303,V6Sn6Dy,-0.0130124878196892,855.3951513282391,855.394688561132
304,Pd6Pb6Pr,0.0446990381879514,1518.354694977274,853.69307753135
305,Ru6Sn6Tm,0.0095923785426752,848.9946044868981,848.8903260367919
306,Pd6Sn6Eu,0.0440841359682365,1371.6628467858498,837.5598732817886
307,Ru6Sn6Er,0.0047983888142204,832.8928177793997,832.8604423007985
308,Tc6Ge6Lu,-0.1648590889528355,830.3009579563706,830.3009579563706
309,Ag6Sn6Nd,0.0457289607066958,1757.090399929619,829.1885292675468
310,Ir6Sn6Nd,0.0341598850494748,833.8589569524215,797.4252182405844
311,Mn6Sn6Ce,0.0246853810128282,784.9740445006066,781.373829964609
312,Ni6Ge6U,0.0227469203172873,777.0002123945167,774.7603682168133
313,Co6Sn6Gd,0.0110684586890023,759.1241101625519,758.9912349675333
314,Rh6Sn6Lu,0.0196689485226061,752.8311647472107,751.7936310141529
315,Cr6Ge6Yb,-0.1489153058445756,747.2407551300998,747.2407551300998
316,Mo6Si6Yb,-0.1840909321816873,738.0975580261668,738.0975580261668
317,Mn6Sn6Lu,-0.0007110616627086,737.7514864750658,737.7438430217255
318,Pd6Ge6Pm,0.0171538404768966,734.768794382726,734.2148839173763
319,Hf6Pb6Dy,-0.0123850456367826,730.2198995735109,730.2194403246737
320,Pd6Sn6Nd,0.0437830297015182,1152.9276947331687,729.5477314753929
321,Mo6Sn6Yb,-0.0565355735617852,725.7082987229326,725.7082987115165
322,Hf6Pb6Lu,-0.0339484334574377,725.0486201621998,725.0486175835332
323,V6Ge6Gd,-0.0282078538832794,723.5355459167753,723.5355357113193
324,Rh6Sn6U,0.0351649270050935,765.4030382541129,723.0897237976981
325,Rh6Sn6Er,-0.0073818816568667,720.8843613141267,720.8828549053044
326,Ir6Ge6Yb,-0.4053123228148343,716.0072372005073,716.0072372005073
327,Nb6Sn6Nd,0.0263625338197977,719.2729104130419,714.3447563808578
328,Rh6Sn6Dy,-0.0145151076309507,711.834165964683,711.8338974577622
329,Hf6Pb6Gd,-0.0097087932449947,709.2824627174614,709.2816147853247
330,Tc6Sn6Ho,0.0267103910751375,710.3908077266861,705.1012936616819
331,Co6Ge6Nd,0.0435499606615774,1076.4428722735745,698.8827896272222
332,Ir6Si6Yb,-0.6828941418897253,696.1834835816617,696.1834835816617
333,V6Ge6Ho,-0.0300309062606499,694.123726318661,694.1237199975786
334,Mn6Sn6Tm,-0.0008782602821617,693.7533148473461,693.7464099462825
335,Tc6Si6Dy,-0.026765974161022,691.0334190202334,691.0334052430738
336,Nb6Sn6Sm,0.0197876810086124,687.1919004731039,686.2174728531857
337,Tc6Ge6Tm,-0.1684664468202732,677.7835926220948,677.7835926220948
338,Nb6Sn6Gd,0.0221183793485537,671.5815814525242,669.9163682161438
339,Fe6Si6Yb,-0.4362414652430605,654.8267941204793,654.8267941204793
340,Cd6Pb6Eu,0.0230587228626078,652.7636011652999,650.7359027994914
341,Nb6Sn6Ce,0.0329078228365893,663.3659860668836,641.782052244234
342,Nb6Sn6Dy,0.0238793863827589,640.7129161367712,638.2902007533095
343,Hf6Pb6U,0.0425668507009968,895.2482949524963,637.7473904723491
344,Ru6Ge6Lu,-0.0268837189012741,629.6275424139997,629.6275302108555
345,Ru6Ge6Er,-0.0223006700860177,628.4985101129597,628.4984735209264
346,Ru6Sn6Yb,-0.2270138047017641,620.2145283294205,620.2145283294205
347,Pd6Sn6Pr,0.0454237393759753,1206.0135331616725,602.8666747435672
348,Ru6Ge6Dy,-0.0211736612215199,601.5145420900247,601.5144961916495
349,Cd6Pb6Pm,0.0395241132124285,691.9886815023541,588.3733482107107
350,Cu6Sn6Lu,0.0491720435373525,5826.789408031032,577.0219359972036
351,Tc6Ge6Ho,-0.1711475183162983,569.1954728292961,569.1954728292961
352,Zr6Pb6Gd,-0.1025632756065878,564.2688488873797,564.2688488873796
353,Nb6Sn6Tb,-0.005386649799898,546.0210960884901,546.0192542533498
354,Nb6Sn6Pr,0.023744163483955,514.4183593907627,512.535199375861
355,Tc6Si6Yb,-0.4748128089864335,511.9648086612185,511.9648086612185
356,Hg6Sn6Yb,0.0165286130329216,511.2711381160499,510.9394002282117
357,Cr6Ge6Ce,0.0230201791828509,508.58261905911775,507.01731859982857
358,Co6Ge6Yb,-0.3255040220583811,505.52283180767506,505.52283180767506
359,V6Ge6Er,-0.0385805759017308,497.55730546410484,497.5573048819214
360,Cr6Ge6Tb,0.014283202786534,489.7866887158644,489.60126347516285
361,Ru6Ge6Gd,-0.0621314574077618,489.18690292387777,489.1869029218688
362,Ni6Sn6U,0.0392028474507217,560.1081839364167,482.0298160113542
363,Cr6Ge6Dy,0.012848706346254,481.50140869190943,481.3722079974885
364,Ti6Ge6Yb,-0.4839504078335433,480.04241247079403,480.04241247079403
365,Tc6Ge6Yb,-0.2268472479774229,479.92521593900005,479.92521593900005
366,Nb6Sn6Pm,0.0313488221498468,484.59737187617986,473.6961871258939
367,Cr6Ge6Tm,0.0026359440396231,462.2409888794137,462.23029572418653
368,Ru6Si6Pm,0.0404722306075798,556.3405150005217,453.71413049111703
369,Rh6Ge6Pm,-0.0695311943345236,451.71086164909633,451.7108616487822
370,Tc6Si6Ho,-0.0272000401208465,444.41504071273124,444.41503272899104
371,Cr6Ge6Sm,0.038652592851076,505.72339628659347,443.4102802822332
372,Mo6Sn6Tb,0.0111668890280368,441.86837497975256,441.7891827444299
373,Tc6Si6Er,-0.0276566840095894,432.78372484858994,432.78371788084456
374,Tc6Si6Tm,-0.0192394540539441,431.6114398911043,431.61138750117186
375,Tc6Si6Lu,-0.0119718501774523,426.1836086025609,426.1833126250105
376,Ni6Sn6Sm,0.0472351782903836,1330.1297410974162,425.79850737038936
377,Ag6Sn6Sm,0.0477238235637001,1480.7755683418204,394.6937302890198
378,W6Si6Yb,-0.0496411091339614,388.8166124238235,388.8166123918261
379,Os6Si6Pm,-0.1286755134332561,384.3021548669246,384.3021548669246
380,Os6Si6Sm,0.0012589732598475,369.8734994503747,369.867350946474
381,Rh6Si6Eu,0.0309556069742356,368.084991830801,360.54283084274323
382,Zr6Pb6Ho,-0.11165856951957,331.6531089724091,331.6531089724091
383,Rh6Pb6Gd,0.0491115411483908,3074.132848784251,326.51266969417384
384,Co6Ge6Tm,0.011582973670889,324.9293489001973,324.864999675483
385,Cr6Si6U,0.0476586239794466,1113.6035131318285,304.90251262249257
386,Co6Ge6Lu,0.0077617948532387,302.6573195602616,302.633361738651
387,Tc6Si6Tb,-0.0299296120985074,299.96558072622946,299.9655779273516
388,V6Si6Yb,-0.3466416339413652,292.5940947813848,292.5940947813848
389,Ni6Ge6Er,0.0214610678283285,282.5820074887578,281.983482695895
390,Pt6Si6Yb,-0.6394408640769073,274.3069143864031,274.3069143864031
391,Rh6Si6Pm,-0.0173038043355991,269.46980970309437,269.46975765329387
392,Zr6Si6Yb,-0.4170057547911679,265.23927004143405,265.23927004143405
393,Zr6Sn6Yb,-0.4390269729887421,265.21819306593267,265.21819306593267
394,Mo6Sn6Sm,0.0304960808741072,268.5417158435996,263.6085286256908
395,Co6Ge6Ho,0.0151739442770741,254.0763320747957,253.9572218406253
396,Co6Sn6Lu,0.0046221297797744,252.33517376514865,252.3257714755461
397,Ir6Si6Pm,-0.0588269693904927,242.05777731742683,242.05777731522977
398,Mo6Sn6Pr,0.0390859972398038,266.93312955406464,230.6821438540693
399,Pd6Sn6Gd,0.0481434208427947,833.7565973630792,182.73874957255936
400,Ag6Sn6Pm,0.0491793177176205,1838.522416504206,180.47804343418704
401,Mo6Sn6Ce,0.0432727726148033,266.3687815293835,177.95565593820123
402,Mo6Sn6Nd,0.0407604814882068,194.3717294862792,156.20049170604358
403,Tc6Ge6Tb,-0.1699347858146314,151.31576968616977,151.31576968616977
404,Fe6Si6Pm,0.048364844690812,756.8425142293111,146.62958717912957
405,Pt6Sn6Yb,-0.542538975242494,119.70945731160639,119.70945731160639
406,Re6Ge6Gd,0.0041125375849674,119.45207177266963,119.44813323221446
407,Re6Ge6Dy,0.0168485978279601,118.71834918269985,118.63517230148068
408,Tc6Si6Ce,-0.0424368607232508,118.46524801287799,118.46524795794105
409,Re6Ge6Er,0.0096625457162753,116.10687538387228,116.09237228879651
410,Os6Si6Yb,-0.4734173911047671,111.35584689109905,111.35584689109905
411,Tc6Si6Nd,-0.0117761169522671,110.0627618364653,110.06268172331042
412,Tc6Si6Sm,-0.0139908112515537,107.31529905772831,107.31525314997383
413,Tc6Si6Pm,-0.0309609785935064,106.43504975353795,106.43504897818907
414,V6Ge6Yb,-0.3458838706561817,87.8608960275848,87.8608960275848
415,Re6Ge6Lu,0.0276496875891862,78.98189514846393,78.24578831062101
416,Pd6Sn6Sm,0.0494017445845001,986.4410103312921,70.69582987208537
417,Os6Si6Nd,0.0058496266159797,61.18101572247555,61.17795508024
418,Cr6Ge6Nd,0.049099800750001,510.88291266840736,54.97390276114214
419,Tc6Si6Eu,0.0242815327063408,48.08762055313736,47.8874016865549
420,Tc6Si6Pr,-0.0081471422520955,43.337945720751264,43.33787035361478
421,Pd6Sn6Tb,0.0496110215461313,909.7996830969456,42.43628157476384
422,Tc6Ge6Sm,-0.1497755006649256,40.73404225139928,40.73404225139928
423,V6Ge6Pm,-0.0094086056468497,39.05263438173641,39.052584207479896
424,V6Ge6Ce,-0.0219938648601297,37.70309947555156,37.70309711269228
425,Ir6Sn6Yb,-0.3373820435198437,37.45970483702501,37.45970483702501
426,Os6Si6Pr,0.0132847712152354,35.31417844575064,35.30365734206608
427,Os6Si6Ce,-0.0069783658993785,34.706553289655304,34.706473389539966
428,V6Ge6Pr,0.0146012208854304,28.943956199997537,28.93212958423518
429,Ag6Sn6Tb,0.0498638104351845,1648.9454551709432,26.945900763749314
430,V6Ge6Nd,0.0084205641648333,24.363037582335043,24.360778726019042
431,Rh6Pb6Eu,-0.0176269624160153,22.550708322116957,22.5507042913642
432,Os6Ge6Lu,-0.0021188283946932,20.821463741411335,20.821309869641205
433,Zr6Pb6Tm,-0.1161037623422408,19.4304365613687,19.4304365613687
434,V6Ge6Sm,0.0061857812794877,19.017629768909224,19.016598459482196
435,Os6Si6Eu,-0.0805694297296991,14.001880841754183,14.001880841753493
436,V6Ge6Tb,-0.0219582947118758,13.509865315057235,13.509864461133029
437,Ir6Ge6Ce,0.0459908088290292,29.112302288290145,13.016881352360189
438,V6Ge6Dy,-0.0212406052829096,12.485027087807792,12.48502615032556
439,Nb6Sn6Yb,-0.1889831741034632,11.657826039575685,11.657826039575685
440,Cu6Ge6Gd,0.032530347868998,11.193430939488426,10.860304944112492
441,Cd6Pb6Tb,0.0498685679667539,615.285389139756,9.70338060448028
442,V6Ge6Tm,-0.0327771505564818,7.704471774393898,7.704471738098252
443,Tc6Ge6Pm,-0.1465731066246223,7.546427363329316,7.546427363329316
444,Tc6Ge6Nd,-0.14548176759912,7.090940945971102,7.090940945971102
445,Ta6Sn6Ho,0.0437848268776405,9.985218792979493,6.317139329698513
446,Ni6Si6Pm,-0.0397306209885136,5.537669198235992,5.537669193319291
447,Re6Ge6Yb,-0.0420556768894471,5.387150917124252,5.387150914386692
448,Ir6Ge6Pm,-0.1045798504887058,5.093689114599529,5.0936891145995284
449,Ni6Si6Yb,-0.5609245094203984,4.878608572741992,4.878608572741992
450,Ir6Ge6Sm,0.0354630690221951,5.129361210190155,4.825387405343695
451,Tc6Ge6Pr,-0.1446638720858544,4.328681616316091,4.328681616316091
452,Rh6Pb6Nd,0.0235916746961965,4.095447778446905,4.080993157262666
453,Rh6Pb6Pr,0.0202920502759111,3.8445088233812683,3.8383564378143364
454,Rh6Pb6Sm,0.0388456527789673,3.8500029448783097,3.3545719074530203
455,Os6Si6Tb,-0.0119531263857858,2.9239385115818486,2.9239364718087613
456,Tc6Ge6Ce,-0.1726695533101188,2.580761147290734,2.580761147290734
457,Ir6Si6Gd,-0.0411549308999112,2.1419858807622862,2.141985879411127
458,Rh6Pb6Pm,0.0425678643959695,2.967920943331507,2.1140778967655587
459,Ti6Pb6Eu,0.0129290325157821,1.870578677569514,1.8700669785531054
460,V6Ge6Lu,-0.034673981941763,1.7672870401874987,1.7672870349065648
461,Tc6Ge6Eu,-0.100416593204046,1.6539716563801057,1.653971656380105
462,Ru6Sn6Tb,-0.0209666512552492,1.2921978750345482,1.2921977714113502
463,Os6Si6Dy,-0.0119693557466663,1.260675057526866,1.2606741814843463
464,Os6Si6Gd,-0.0100561763635345,1.2234784166649824,1.223477071020827
465,Os6Ge6Gd,-0.0224674946203974,0.7498485272401366,0.7498484852963534
466,Ti6Pb6Ce,0.0084696828090052,0.7284572632234505,0.7283889223256079
467,Ti6Pb6Dy,-0.0064693044168747,0.7137730487560253,0.7137711919958054
468,Ti6Pb6Tb,-0.0089795643834769,0.7020240470373664,0.7020230472633869
469,Os6Si6Er,-0.0155820138484678,0.664174225955696,0.6641740320215258
470,Ti6Pb6Nd,0.0081873004594079,0.6523190550917685,0.6522618670666738
471,Ti6Pb6Pr,0.0142586657544341,0.6493334947152835,0.6490891107818386
472,Nb6Sn6Tm,0.0244024295735423,0.6288353236795516,0.6261401721639015
473,Ti6Pb6Pm,-0.0557824020811812,0.5466915945689825,0.5466915945586787
474,Ti6Pb6Sm,0.0024213025670743,0.5184758939192864,0.5184645020757015
475,Ti6Pb6Tm,-0.0186904862559805,0.4674332035876134,0.46743313885938353
476,Ru6Sn6Eu,0.0253282281447996,0.4340199637004293,0.43169818367133245
477,Os6Ge6Er,-0.0071193468973926,0.28380468433068895,0.2838040527033032
478,Ni6Si6Lu,0.0449706827402063,0.3870060467011695,0.20880842246940778
479,Mn6Si6Pm,0.0371960216061806,0.2080568226432791,0.18964931561685397
480,Re6Si6Yb,-0.1779237265189321,0.1335851602691202,0.1335851602691202
481,Mn6Si6Tm,0.0407485109454215,0.10448561129858973,0.08401954914142128
482,Cu6Sn6Er,0.0360596514104093,0.08209021702526885,0.07650204159077953
483,Cu6Sn6Ho,0.0388435656688078,0.08760563726388174,0.0763375382460221
484,Mn6Si6Lu,0.0376910873507096,0.07423896088999414,0.06688317855075541
485,Mn6Si6Ho,0.047760875121507,0.11890262482869524,0.03120124962921559
486,Os6Ge6Dy,-0.0241978932426572,0.02729629308356237,0.027296292075616718
487,Mn6Si6Er,0.0479838900540731,0.1113269035469345,0.026420200758682334
488,Zr6Ge6Yb,-0.4800739242979436,0.026315850250510777,0.026315850250510777
489,Mn6Si6Yb,-0.4240028580173917,0.025765035803545933,0.025765035803545933
490,Ru6Sn6Pm,-0.0177014131127531,0.01690571394735584,0.016905710979112906
491,Os6Si6Lu,-0.0211179754921837,0.015677069676822756,0.01567706846449449
492,Co6Si6Pm,0.0126909298775446,0.014478533949265371,0.014474793283613655
493,Ru6Sn6Nd,0.0493370238718661,0.17097712062781165,0.013573824235700355
494,Co6Si6Yb,-0.5291752347204715,0.010565486849815516,0.010565486849815516
495,Pt6Ge6Pm,-0.0434825037468691,0.008094102966026017,0.008094102963105537
496,Ni6Ge6Ho,0.0231869623468517,0.007083525685757848,0.007060835278023194
497,Tc6Sn6Gd,0.0413263839448823,0.007763285559358316,0.006041522059110816
498,Mo6Sn6Er,0.0059698820810073,0.002365801228569133,0.0023656794115052954
499,Mo6Sn6Lu,0.0017303853071658,0.0022502359381282714,0.0022501940511089696
500,Ru6Sn6Sm,0.040865094961194,0.002654503268401586,0.0021212819959411907
501,Tc6Sn6Dy,0.0338048277418347,0.0017322727374881068,0.0016626429222662176
502,Cr6Si6Yb,-0.2599197149845065,0.001271803284662954,0.001271803284662954
503,Ru6Sn6Ce,0.0449828179720155,0.0014656310425403072,0.0007892644532963442
504,Hf6Pb6Pr,-0.0036284812588868,0.00010133260886610942,0.0001013320876170713
505,Ti6Sn6Dy,0.015893033284149,7.949292840315368e-05,7.944864455822635e-05
506,Co6Si6Lu,0.0434373971793546,0.00010821576757759574,7.109748580834376e-05
507,Cr6Si6Lu,0.0473777520966745,9.621197496031244e-05,2.931380295841455e-05
508,Pt6Si6Pm,0.0464983367369998,1.2339161754251017e-08,4.8998634116085215e-09
509,Fe6Pb6Yb,0.3604953039033697,0.0,-0.0
510,Cd6Si6Yb,0.3231406395870368,0.0,-0.0
511,Hf6Ge6Ho,0.2908420814502856,0.0,-0.0
512,Pt6Pb6Gd,0.2119601118038244,0.0,-0.0
513,Pt6Pb6Dy,0.2484780997775988,0.0,-0.0
514,Pt6Pb6Ho,0.2655139076792761,0.0,-0.0
515,Pt6Pb6Yb,-0.2586349017243481,0.0,0.0
516,Au6Pb6Gd,0.112476123374793,0.0,-0.0
517,Au6Pb6Dy,0.1579398934633381,0.0,-0.0
518,Au6Pb6Ho,0.1697801612759912,0.0,-0.0
519,Au6Pb6Yb,-0.1666879352733981,0.0,0.0
520,Hg6Pb6Pm,0.0992859648216585,0.0,-0.0
521,Hg6Pb6Gd,0.1027950378144078,0.0,-0.0
522,Hg6Pb6Tb,0.117220386415262,0.0,-0.0
523,Hg6Pb6Dy,0.1208599782235151,0.0,-0.0
524,Hg6Pb6Ho,0.1362949510355361,0.0,-0.0
525,Hg6Pb6Yb,-0.0292647853158716,0.0,0.0
526,Hf6LaPb6,10.0,0.0,-0.0
527,LaOs6Si6,10.0,7.23636029426374e-11,-7.23636029426374e-11
528,Pt6Si6Nd,0.1806432648333353,1.5866760257333588e-08,-1.586676025733282e-08
529,Pt6Si6Pr,0.1639886421573502,2.341975708827744e-08,-2.341975708821585e-08
530,Zr6Si6Gd,0.4136550275039184,8.941536870952077e-08,-8.941536870952077e-08
531,Pt6Si6Eu,0.1451492079938476,1.1726236022084978e-07,-1.1726236019248872e-07
532,LaMo6Sn6,10.0,5.609720675163148e-07,-5.609720675163148e-07
533,Pt6Si6Sm,0.1750364095665664,7.098780167297682e-07,-7.098780167296365e-07
534,Pt6Si6Tb,0.1627709651485355,1.2251744419241458e-06,-1.2251744419198302e-06
535,Mo6Si6Sm,0.2006054818278788,1.9078784684545846e-06,-1.9078784684545837e-06
536,Mo6Si6Pm,0.18200468705731,2.1648276993124207e-06,-2.1648276993123453e-06
537,W6Si6Tm,0.1873185957280568,2.4013076796489515e-06,-2.4013076796489282e-06
538,Mo6Si6Nd,0.201072309606226,2.664710452648092e-06,-2.664710452648091e-06
539,Mo6Si6Pr,0.2047120592579103,3.2926775128372726e-06,-3.292677512837272e-06
540,W6Si6Ho,0.176515044198791,3.846591832603831e-06,-3.84659183260333e-06
541,Mo6Si6Ce,0.1831187597720996,3.983551013853484e-06,-3.983551013853378e-06
542,Pt6Si6Ce,0.1999856256794774,4.535872924516379e-06,-4.535872924516377e-06
543,Mo6Si6Eu,0.2766961683760693,9.442070443030822e-06,-9.442070443030822e-06
544,Mo6Si6Dy,0.2143502338208435,1.8252131768097553e-05,-1.8252131768097553e-05
545,Mo6Si6Tb,0.2122779611675596,2.1666859028764672e-05,-2.1666859028764672e-05
546,Cr6Si6Er,0.0541651296166802,0.00017125528900941383,-7.911516340349819e-05
547,LaPb6Tc6,10.0,8.427906774515237e-05,-8.427906774515237e-05
548,Cr6Si6Tm,0.0571789935286539,0.00014336493088477678,-9.992808381023491e-05
549,Cr6Si6Dy,0.0681654406241188,0.0001536543430178335,-0.0001497758532665963
550,Cr6Si6Tb,0.0696907730907927,0.0001525910499179092,-0.0001499097588792075
551,Cr6Si6Ho,0.0642030711488678,0.00018970529725273734,-0.0001775552335397642
552,Cr6Si6Gd,0.0771280148414075,0.00019855280112823692,-0.0001979630222612136
553,Cr6Si6Pm,0.0559593946425854,0.000704577160906421,-0.0004325272368185359
554,Cr6Si6Sm,0.093440575173254,0.0006641533573993658,-0.0006641139620472813
555,Co6Si6Tm,0.0833860155749588,0.0011168351478343425,-0.0011160954944092639
556,Cr6Si6Eu,0.1650698018964168,0.0020568783681031997,-0.002056878368099027
557,Au6Pb6Lu,0.1929676469496938,0.002966155376802384,-0.0029661553768023765
558,Cr6Si6Nd,0.1084340066850843,0.0031545845649607056,-0.0031545794439484043
559,Co6Si6Er,0.0900151907155474,0.003249933405242076,-0.003249494809120923
560,Co6Si6Ho,0.0900425123586866,0.004356556949249745,-0.004355972850659015
561,Co6Si6Dy,0.0938621976310389,0.0054166405328218235,-0.005416350156048535
562,Cr6Si6Ce,0.08001056917157,0.005618671927564748,-0.005610309767578768
563,Pt6Sn6Tb,0.158287027730383,0.005980930575121578,-0.00598093057505978
564,Cu6Si6U,0.1503851883748908,0.007100765897334783,-0.007100765896845997
565,Co6Si6Tb,0.0993401506160579,0.008680527297920355,-0.008680402325051122
566,Co6Si6Sm,0.1145307922992917,0.00928144510729089,-0.009281441619443836
567,LaZr6Ge6,10.0,0.009805253510710297,-0.009805253510710297
568,Tc6Pb6Gd,0.5261683596092995,0.011067888861762167,-0.011067888861762167
569,Pt6Ge6Pr,0.1282123938019169,0.0116855545569934,-0.011685554392348352
570,Pt6Ge6Ce,0.131474498040532,0.014079721619349521,-0.014079721528675666
571,Co6Si6Gd,0.0961935540436671,0.01555283050010756,-0.015552354017082848
572,Zr6Ge6Tm,0.3256343432542473,0.019140221290135213,-0.019140221290135213
573,Zr6Ge6Lu,0.3244279809863798,0.020716717192934386,-0.020716717192934386
574,Au6Si6U,0.218535589980365,0.021386060240782257,-0.021386060240782257
575,Co6Si6Nd,0.1241143136662611,0.021561066825690693,-0.021561066013392954
576,Zr6Ge6Er,0.3216655756568805,0.022616793807729133,-0.022616793807729133
577,Co6Si6Pr,0.1344859521638887,0.030607225484140174,-0.030607225388459093
578,Mn6Si6Eu,0.0989277966620425,0.03861882977332031,-0.03861821594298212
579,Cr6LaSi6,10.0,0.03873169657016426,-0.03873169657016426
580,Mn6Si6Ce,0.0509113790480214,0.362436716391208,-0.03948078553357976
581,Co6Si6Ce,0.1033111787287541,0.04738428032979846,-0.047384017301242726
582,Mn6Si6Dy,0.0542743838556385,0.12537293946481445,-0.05920384867443
583,Ag6Pb6U,0.0738015806185412,0.0640876603852905,-0.06366546187805165
584,Cu6Ge6U,0.0987511635386638,0.06772372359806997,-0.06772260054440726
585,Co6Si6Eu,0.1353545773244786,0.07856903274424853,-0.07856903254485267
586,Ni6Si6Tm,0.0512847348581086,0.5742767835994821,-0.08784038340924229
587,Pt6Sn6Lu,0.1873404389136522,0.09955731017361968,-0.09955731017361873
588,Mn6Si6Tb,0.0613863804572688,0.1414572169641794,-0.12417981300567345
589,Cu6Sn6U,0.0679311353205772,0.15302995556734675,-0.14894676996080305
590,Ru6Sn6Pr,0.058073340008117,0.20917032142110462,-0.15649638913309294
591,Co6LaSi6,10.0,0.1589935037043841,-0.1589935037043841
592,LaZr6Si6,10.0,0.16224841299103562,-0.16224841299103562
593,Mn6Si6Sm,0.0743203216104526,0.20352565301192657,-0.2023413571858676
594,Mn6Si6Nd,0.0845055794689353,0.25920503359110314,-0.2590738064655041
595,Mn6Si6Pr,0.0906802770046073,0.2955591172733716,-0.2955251143218952
596,Nb6Si6Gd,0.2938613141839131,0.30238963193491375,-0.30238963193491375
597,Nb6Ge6Gd,0.146633042970181,0.3052200028333654,-0.30522000278166245
598,W6Ge6Yb,0.0741140700138017,0.32360921911775253,-0.32163090361285557
599,Nb6Ge6Dy,0.1499070786931437,0.3445539524244605,-0.3445539523978591
600,Au6Pb6U,0.1619907875525889,0.36732155730394883,-0.3673215573023886
601,Ni6Si6Er,0.0553410848643167,0.7262895258405782,-0.41074038315092176
602,Cu6Pb6U,0.18553923079143,0.6562262925854621,-0.6562262925854523
603,Ni6Si6Ho,0.0597738742405606,0.8662658692345079,-0.7148325668879829
604,Mo6Pb6Yb,0.539474002720508,0.7817365602664541,-0.7817365602664541
605,Tc6Pb6Er,0.5279584503589873,0.7954707907913678,-0.7954707907913678
606,Ni6Si6Dy,0.0607024567015426,1.1121244279005313,-0.9537857067512336
607,Cr6Pb6Dy,0.4256377924150639,0.9645042260506249,-0.9645042260506249
608,Re6Pb6Tm,0.6749972863033419,1.1889947669368586,-1.1889947669368586
609,Ni6Si6Tb,0.0690537229639628,1.325056876418215,-1.2979662096230264
610,Tc6Pb6Lu,0.5172481370413283,1.3551008587402216,-1.3551008587402216
611,Ni6Si6Gd,0.0643520188795346,1.637432617316178,-1.536128693306019
612,Ir6LaSi6,10.0,1.6701215852293334,-1.6701215852293334
613,Ir6Si6Er,0.0949555177016486,1.77295498184805,-1.7728818721879078
614,Ag6Sn6U,0.0839556262673759,1.786758626346927,-1.7857264532019246
615,Ni6Si6Sm,0.0758617919425199,2.0938262990606056,-2.085402575467006
616,W6Ge6Tm,0.1235389486624766,2.224666810339513,-2.2246667141161223
617,Ru6Pb6Gd,0.2824872643451353,2.2735230476428248,-2.2735230476428248
618,Pt6Sn6Dy,0.1650123192773666,2.435630935912201,-2.435630935907191
619,Pt6Sn6Gd,0.1541627491877869,2.6529306264249595,-2.652930626351203
620,Pt6Si6U,0.2191141887646604,3.1068955392272164,-3.1068955392272164
621,Au6Pb6Sm,0.1370544890703329,3.7281070322017937,-3.7281070259100626
622,Rh6Pb6Tb,0.0543260425016648,8.348102699811008,-3.9822493492183297
623,Rh6Pb6Ce,0.0615123770575537,5.106285559146095,-4.500084785331966
624,LaNb6Ge6,10.0,5.090768102113169,-5.090768102113169
625,Ir6Sn6Er,0.0745857087891002,5.201617816588848,-5.173212739394775
626,Au6Pb6Eu,0.064862434211978,5.924239625041724,-5.598818171653027
627,Os6Pb6Er,0.5530902687465779,5.681655732387256,-5.681655732387256
628,Nb6Pb6Ho,0.3059654489341851,5.833078608789913,-5.833078608789913
629,Rh6Ge6U,0.0500984479721179,495.08635898486045,-5.848557686015034
630,Zr6Si6Dy,0.4193004837226043,6.121194483772612,-6.121194483772612
631,Ni6Si6Nd,0.0769211673527908,6.322913113900238,-6.303177191515008
632,Ru6Pb6Dy,0.2805966377643144,6.512444273872455,-6.512444273872455
633,Zr6Sn6Ho,0.1412443338537654,6.782280278210001,-6.7822802740225745
634,Nb6Pb6Tm,0.3030299344308244,6.968705501640822,-6.968705501640822
635,Ni6Si6Pr,0.1090993455384375,10.566935348283337,-10.566920726039255
636,Ir6Ge6Nd,0.053088793779187,29.820011095878804,-10.573123976511976
637,Ir6Si6Dy,0.1243290102240443,13.147951413841858,-13.147950943379238
638,Au6Pb6Pm,0.1347268944893023,13.685099813617382,-13.685099773240154
639,Ag6Ge6U,0.2542651442122741,13.876318072173081,-13.876318072173081
640,Ni6Si6Ce,0.0830149856260072,13.99981857463236,-13.989683640835635
641,Pt6Ge6Nd,0.1197326124061551,14.354229408041572,-14.354227860178465
642,Ir6Si6Lu,0.0887531937363592,14.604676488409273,-14.602008335609591
643,Au6Pb6Nd,0.125116889777747,15.023394409863677,-15.023393964910937
644,Au6Pb6Pr,0.1173313061678838,16.54689344256812,-16.54689026745729
645,Ir6Ge6Pr,0.0551264162648859,30.605507127513008,-16.764353823012797
646,Ni6Si6Eu,0.0686011453070693,17.240890216915464,-16.848418601952147
647,Au6Pb6Ce,0.109060153851452,18.168858186327093,-18.168832807147023
648,Ta6Pb6Gd,0.4606636878873043,20.039671868722152,-20.039671868722152
649,LaRe6Si6,10.0,20.049200159532468,-20.049200159532468
650,Au6Ge6U,0.1517530176768211,20.451654154710464,-20.451654153696616
651,Pd6Sn6U,0.0570597064938498,30.69523140417336,-21.166982857919475
652,Ir6LaGe6,10.0,21.176185870375303,-21.176185870375303
653,Cu6LaSn6,10.0,22.28791478415821,-22.28791478415821
654,Cd6Pb6Tm,0.0648433884051972,25.62658655136649,-24.212633989689838
655,Pt6Ge6U,0.1224976955315991,26.08524451853444,-26.085243069959038
656,Au6Sn6U,0.1439249625608552,30.072519300448963,-30.072519290691485
657,Re6Sn6Ho,0.240906912749885,33.67220915034734,-33.67220915034734
658,Cd6Pb6Gd,0.0526869035629926,121.43054170095382,-37.85002919839277
659,Pt6Sn6Er,0.1745003807438808,40.97623202107538,-40.976232021066735
660,LaNi6Ge6,10.0,42.02645032649717,-42.02645032649717
661,Cd6Sn6Lu,0.1087317329440516,44.75312425023132,-44.75305661004125
662,Ir6Ge6Tb,0.0507522850787364,522.3067706824403,-47.023162788378954
663,Cd6Sn6Er,0.1000473509358455,49.033073288898514,-49.03247756191863
664,Mo6Sn6Pm,0.0517417251952562,250.32055209537774,-51.57000441308029
665,Cd6Pb6Ho,0.0656452144207049,65.01056530101046,-62.03714988142692
666,Ir6Ge6Eu,0.0748996912788689,70.1560717945401,-69.80070055861422
667,Ni6Ge6Nd,0.0501491248801214,4001.304885648658,-71.59565116070122
668,W6Si6Eu,0.2590626771789162,73.94346396101436,-73.94346396101436
669,Pt6Ge6Dy,0.1181166630275415,83.24798153124806,-83.24796830130843
670,Pt6Ge6Gd,0.1052665715542511,84.12337239359388,-84.12308033242293
671,Pt6Ge6Lu,0.142064291376707,84.6541455767368,-84.65414553380738
672,Pt6Ge6Er,0.1299828041213642,85.24370731702805,-85.24370653173706
673,Re6Si6Ho,0.0630840628103878,101.37441285642899,-92.96435956012098
674,Ir6Pb6Ho,0.2948734501477186,96.06772169488194,-96.06772169488194
675,Ag6Si6U,0.3671458858650985,97.26175152358068,-97.26175152358068
676,Co6Ge6Pr,0.0507237199402279,1146.3940590199404,-99.31063749729627
677,Cd6Si6Tm,0.4445250214711471,106.26279632246205,-106.26279632246205
678,Zr6Sn6Tm,0.1466888565392148,120.95617734963012,-120.95617732941328
679,Rh6Si6U,0.108979234730987,122.71801541826294,-122.71784063794543
680,Os6Sn6Tm,0.1072067822201243,125.13070367863745,-125.13043097442512
681,LaRe6Ge6,10.0,127.06994807912798,-127.06994807912798
682,Cd6Ge6Ce,0.2087818662777835,127.4533343333724,-127.4533343333724
683,W6Ge6Ho,0.1094259760124058,132.70294896116957,-132.7027791756451
684,Co6Pb6Lu,0.3434942147845728,139.46591012495324,-139.46591012495324
685,Mo6Ge6Dy,0.0594915038495113,173.08202020223553,-140.9009667030793
686,Ir6Pb6Er,0.3096066137402017,154.52368493212288,-154.52368493212288
687,Cr6Ge6Pr,0.0528584474119134,486.07452407086333,-160.4849075367781
688,Ir6Pb6Dy,0.288099096119003,160.77333958898896,-160.77333958898896
689,Mo6Ge6Gd,0.0614202464422034,187.42998394310882,-164.7116061111444
690,Cd6Ge6Ho,0.2330318056192568,168.587571981569,-168.587571981569
691,Ir6Si6Tm,0.0772781886248966,172.32012052650788,-171.82635666905352
692,Ir6Ge6Ho,0.064625372969556,182.60229707040534,-172.00168120505845
693,V6Ge6Eu,0.0780900148142084,178.95417698750765,-178.5320742969355
694,Au6Si6Pm,0.1783423235243054,198.7027778039434,-198.70277780392672
695,Os6Pb6Yb,0.460676263588447,202.29447708355553,-202.29447708355553
696,W6Si6Nd,0.1777997985567352,206.09629987088414,-206.09629987086444
697,W6Si6Pr,0.1704772915246683,206.40382682753147,-206.4038268274171
698,Cu6Sn6Pr,0.0502994624037856,5764.835758420567,-207.07306126700806
699,W6Si6Pm,0.16043494938378,208.41309423607257,-208.41309423478654
700,W6Si6Sm,0.1784608525322157,213.65823720186188,-213.65823720184446
701,Fe6LaSi6,10.0,216.47565654033195,-216.47565654033195
702,W6Si6Tb,0.1711104085694764,220.05535157103367,-220.0553515709289
703,Ir6Si6Pr,0.0615574891574902,249.37030006480805,-220.06597378596945
704,Cd6Si6Eu,0.3805609972258872,238.0423214533028,-238.0423214533028
705,LaNi6Si6,10.0,238.04407027333875,-238.04407027333875
706,V6Si6Eu,0.24767855076245,242.80213965168554,-242.80213965168554
707,W6Pb6Sm,0.950949367718372,248.5036212874217,-248.5036212874217
708,Os6Sn6Lu,0.1039935048222469,248.8327613808214,-248.83158876150833
709,Pt6Pb6U,0.3106496466344185,252.57696413388808,-252.57696413388808
710,W6Pb6Pm,0.9056872024223386,255.10559060639764,-255.10559060639764
711,Ir6Si6U,0.1404982588050544,256.1897405381883,-256.1897403489988
712,Cu6Ge6Er,0.0508695927683082,2515.9177510226764,-261.59005585027165
713,Cd6Pb6Pr,0.0534770237958699,662.9660649201751,-261.6098215875688
714,W6Pb6Pr,0.9466412654549587,262.1123988057714,-262.1123988057714
715,Pt6Ge6Sm,0.1164426664554617,262.2188579295026,-262.21879565219217
716,Ir6Si6Nd,0.1159036154131012,262.63026370732223,-262.63019271745827
717,Pd6Pb6U,0.1260632933577894,263.36474611156893,-263.36473989631077
718,Au6Si6Lu,0.2536036481463303,267.49818894780213,-267.49818894780213
719,Rh6Si6Ce,0.141071862307767,282.0702668476317,-282.07026666611955
720,Ir6Sn6Tm,0.0765990906413657,283.6371041598036,-282.6807493117028
721,Mo6Ge6U,0.0645387060590163,301.00260076304886,-283.1720980591858
722,Ir6Si6Ce,0.1172723587113049,285.4473385182577,-285.44728296461386
723,Rh6Si6Pr,0.1460067918143613,287.9745463144643,-287.97454625777107
724,V6Si6Pr,0.1700391309818368,291.21311436722226,-291.213114367043
725,V6Si6Nd,0.1572674297437006,293.7679345624614,-293.76793455858456
726,W6Si6Ce,0.1611426979903781,294.00747737389366,-294.00747737236287
727,V6Si6Pm,0.1182616939782965,294.5319091861742,-294.5318639797839
728,LaW6Si6,10.0,295.16455764417486,-295.16455764417486
729,V6Si6Ce,0.1413558481556255,295.5968454583233,-295.5968452806394
730,Nb6Sn6Eu,0.0703477451699743,300.2538138723182,-295.7416617216761
731,Cd6Pb6Sm,0.0539010746134782,687.6259688636433,-300.276843904453
732,V6Si6Sm,0.1516288647843376,300.61740882249194,-300.6174088071387
733,Ir6Si6Ho,0.1257589982538048,304.2997632942328,-304.2997555688496
734,Pt6Ge6Tm,0.1291163287491117,305.88274971183523,-305.88274624257735
735,Ti6Sn6Eu,0.0511145424203148,2364.3618097903,-314.3496793769392
736,Cd6Pb6Nd,0.0543072144163842,676.3330308098423,-321.4457738000744
737,Re6Sn6Yb,0.1461924495075958,322.690404160502,-322.6904040997428
738,W6Si6U,0.1796281690446011,323.1242202067147,-323.1242202066948
739,Rh6Ge6Nd,0.0703288620097321,329.69731491936034,-324.7203566911135
740,W6Ge6U,0.1107639582032154,327.54945124476495,-327.54914726949613
741,V6Si6Lu,0.1186933312543466,329.4244607836352,-329.42441519742596
742,Au6Si6Nd,0.1869197400789146,330.39078483590527,-330.39078483590174
743,Rh6Si6Tb,0.1346521214943171,337.10491090058554,-337.10490988796374
744,V6Si6Tm,0.1176671825054549,338.9546017166606,-338.9545417133325
745,Hf6Ge6Sm,0.2878774229742413,342.92474994875147,-342.92474994875147
746,Tc6Pb6Eu,0.5373169289869916,344.1397958383432,-344.1397958383432
747,Pd6Si6U,0.077774139719698,360.7663079145692,-359.8484281615077
748,Cr6Ge6Pm,0.0573950634859288,508.65519100256824,-361.20161709244155
749,Co6Sn6Eu,0.0514226517130945,2142.1754898204003,-362.1964703114687
750,Pd6Ge6U,0.0628672303468425,402.17053532580405,-367.1018079267914
751,Pd6Sn6Dy,0.0544386383320972,764.1349782325321,-372.4347582014229
752,Rh6Si6Sm,0.1325811728122444,372.71075438843775,-372.71075254804515
753,LaRe6Sn6,10.0,374.3655274059848,-374.3655274059848
754,V6Si6Er,0.1144096522330703,378.4811497874121,-378.48100336330145
755,Fe6Si6Eu,0.1228682232990125,380.9026434481501,-380.9026240955277
756,Hf6Ge6Nd,0.2755392352433339,381.69238037342745,-381.69238037342745
757,Hf6Ge6Pm,0.234669329103547,382.42001141691946,-382.42001141691946
758,Au6Si6Pr,0.2062125677826212,386.6384199952554,-386.63841999525533
759,Rh6Si6Nd,0.1368953180255321,387.02020915882537,-387.0202084802377
760,Cd6Ge6Sm,0.2098551789685027,387.8976478737442,-387.8976478737442
761,Ir6Pb6Lu,0.3217045056526422,395.21962415203257,-395.21962415203257
762,Rh6Ge6Sm,0.0658680596624283,413.26530132227106,-395.3266077472071
763,V6Si6Ho,0.1222454377944229,396.3853874200395,-396.3853640339921
764,Rh6Ge6Ce,0.0597786061297173,480.8519116920329,-396.8805075219512
765,W6Pb6Ce,0.9131487945019244,402.0254617864777,-402.0254617864777
766,Pt6Si6Er,0.1888634373086316,403.4442451889818,-403.44424518897915
767,W6Pb6Eu,1.01113011901265,404.93810118516103,-404.93810118516103
768,W6Sn6U,0.3379370539434861,406.81362642062436,-406.81362642062436
769,Zn6Sn6U,0.1196717125966421,407.8073330121897,-407.8072883895431
770,W6Pb6Nd,0.9542155035597388,408.0847437740837,-408.0847437740837
771,Mo6Sn6Eu,0.0879377789970095,410.1822253658929,-410.0910918245524
772,Ir6Ge6U,0.0573609011664514,583.1550706733769,-412.9162058769027
773,Os6Sn6Er,0.1082133011784301,413.3860453947242,-413.3853378177006
774,Cr6Sn6Yb,0.0523223472123543,1522.1251138126117,-413.53779051496207
775,Cd6Ge6Pm,0.2005556795566496,418.27963474782024,-418.27963474782007
776,V6Si6Dy,0.1263117878402882,418.8622612852136,-418.8622519725907
777,Nb6Ge6Pm,0.0813770081973273,420.6725649303575,-420.2214424255187
778,Ru6Si6Dy,0.1578539246637436,427.57924536608164,-427.5792453611798
779,V6Si6Tb,0.1290621270770217,430.7350038913119,-430.7349989420409
780,Ru6Si6Gd,0.1651899328752667,431.49743847132675,-431.4974384704762
781,Tc6Pb6Sm,0.5306446644551078,433.7364155879278,-433.7364155879278
782,Tc6Pb6Pm,0.4887757264279518,438.5828833419812,-438.5828833419812
783,Ti6Ge6Sm,0.1586407634014855,440.92114730709994,-440.92114730291496
784,Ti6Ge6Pm,0.1140090470893275,446.10919083753106,-446.10900083261066
785,Cd6Pb6Ce,0.0573955983402039,636.3280616969618,-451.883765394532
786,Nb6Ge6Lu,0.1255485767163777,454.2927574950698,-454.29274536434895
787,V6Si6Gd,0.1399398414062003,455.69450463760495,-455.6945042528242
788,Rh6Ge6Tb,0.0637647559166262,494.806062116567,-459.72441388197535
789,Pt6Si6Lu,0.1678743809357856,466.0820800142421,-466.0820800137597
790,Nb6Ge6Nd,0.1146037580476981,466.68788124965334,-466.6877089187805
791,Co6Ge6Eu,0.0541460853440264,1014.176994419446,-466.6964701817299
792,Ir6LaPb6,10.0,468.5800402408405,-468.5800402408405
793,Zr6Si6Nd,0.4024323796154224,468.9795165144655,-468.9795165144655
794,Au6Si6Ce,0.217558473468503,470.14630721866774,-470.14630721866774
795,Tc6Pb6Pr,0.5272900460548696,470.333835888697,-470.333835888697
796,Tc6Pb6Nd,0.528363484399537,471.54290909518704,-471.54290909518704
797,Zr6Si6Lu,0.4308022595752506,474.9761913663897,-474.9761913663897
798,Ir6Sn6Tb,0.0521607140263287,1873.9733498853834,-475.2907760471262
799,Hf6Ge6Tb,0.2829371661204754,481.3948735700786,-481.3948735700786
800,Zn6Ge6U,0.1799548863884904,481.6491211254096,-481.6491211253821
801,Nb6Ge6Pr,0.1222436319483685,485.1230328673087,-485.12300423348756
802,Zr6Si6Tm,0.4293438965937163,487.2009259840288,-487.2009259840288
803,Tc6Pb6Ce,0.492057366510289,490.44408428792167,-490.44408428792167
804,LaRu6Ge6,10.0,491.25980468509414,-491.25980468509414
805,Hf6Ge6Ce,0.2580844101069802,497.2583612277197,-497.2583612277197
806,Rh6Ge6Dy,0.058971580012993,627.9828190497238,-497.3190466829007
807,Zn6Si6U,0.2457415616189101,497.9028480676722,-497.9028480676722
808,W6Ge6Gd,0.0948943892502365,502.0117254778902,-501.9907185644816
809,Mo6Pb6Dy,0.5770671664578261,502.130057883119,-502.130057883119
810,Hg6Si6U,0.6158549904304697,503.2103022365331,-503.2103022365331
811,W6Pb6Tb,0.9379019825921036,504.46195590437196,-504.46195590437196
812,Ni6Si6U,0.0610589027688873,582.2934513755581,-505.7399069850879
813,Fe6Si6Lu,0.0610587174449014,594.2426907969391,-516.1149452621535
814,W6Pb6U,0.9558532622079194,516.9274353493611,-516.9274353493611
815,Hg6Sn6Dy,0.1983636667885082,518.4509585097378,-518.4509585097375
816,Hg6Sn6Gd,0.1847722260708539,519.6250395674837,-519.6250395674743
817,Zr6Si6Er,0.427661253523979,520.6104765149245,-520.6104765149245
818,Pt6Sn6Ho,0.1731316158781523,522.5430558357325,-522.5430558355794
819,Nb6Ge6Ce,0.0989620749090471,525.2400371020663,-525.2317570275261
820,LaTc6Si6,10.0,526.8134646749307,-526.8134646749307
821,Mo6Ge6Ce,0.057897329543775,713.991057917341,-527.4471340224464
822,Mo6Pb6Gd,0.5798203578671659,528.8689541842286,-528.8689541842286
823,Ir6Si6Sm,0.1206996814739744,534.3484596723126,-534.3484139867508
824,Ru6Si6Eu,0.2020776596169452,537.6564827487189,-537.6564827487188
825,Pt6Si6Dy,0.1829795774664456,537.6925849995621,-537.6925849995473
826,Mo6Ge6Ho,0.0560327580697136,873.0335587422667,-540.7031478060911
827,LaMn6Ge6,10.0,541.5325697038622,-541.5325697038622
828,Nb6Ge6Sm,0.1202575023464734,542.636148478122,-542.6360968897577
829,Pt6Sn6U,0.1657042358430494,542.8270926502274,-542.8270926492817
830,Pd6Pb6Nd,0.0530951266103587,1529.9524179511805,-543.483386431796
831,Zr6Si6Ho,0.4211300938720216,545.2649670841131,-545.2649670841131
832,Zn6Pb6Sm,0.1739538698928366,547.7197459841419,-547.7197459840102
833,Ru6Si6Pr,0.1732249829212256,556.0838388310332,-556.0838388308738
834,Zn6Pb6Pm,0.1198136037757526,556.2434798733041,-556.2434210464241
835,Rh6Ge6Gd,0.0631326662923715,606.046924572919,-556.3282387308192
836,Ru6Si6Sm,0.1657473317845704,556.8150577823817,-556.8150577814216
837,Ti6Ge6Tm,0.1513692352620028,556.9353452285707,-556.935345198298
838,Ir6Pb6Yb,0.0828140665166308,557.758862481322,-557.335142292844
839,Ru6Si6Ce,0.1449452870788629,559.4945040975069,-559.4945039554003
840,Hg6Pb6U,0.1715859996940535,561.3137492536555,-561.3137492534171
841,Ir6Sn6U,0.1800863188562978,573.0208814994047,-573.0208814993731
842,Hg6Ge6Dy,0.4296475058230106,573.0606063473399,-573.0606063473399
843,Zr6Si6Ce,0.3939728794417048,577.2536731208886,-577.2536731208886
844,Ti6Ge6Eu,0.1894366257164261,579.324880481566,-579.3248804815626
845,Ti6Ge6Lu,0.1493316012547164,583.165646817186,-583.1656467654942
846,Rh6Ge6Pr,0.0752810294730522,589.0110608037679,-586.2877981439892
847,Zr6Si6Sm,0.4140670116992342,592.6923357553228,-592.6923357553228
848,LaNb6Pb6,10.0,594.7630858695583,-594.7630858695583
849,Zn6Pb6U,0.202910932075615,595.2654278476333,-595.2654278476332
850,Cd6Ge6Tb,0.2242657817472675,595.685801928523,-595.685801928523
851,Mo6Si6Tm,0.2268124606006745,597.5936450193805,-597.5936450193805
852,Ir6Si6Eu,0.1184537221913197,598.4511461465929,-598.4510584301621
853,Cd6Sn6U,0.1343749263853858,604.0970793039354,-604.097077364474
854,Cd6Si6U,0.5248848285780569,604.3971076702969,-604.3971076702969
855,Fe6Si6Ce,0.0999016076419437,605.1398573042745,-605.1322434468308
856,Cu6Ge6Tm,0.0508894620694323,5708.937730785013,-607.0425419801028
857,Hg6Ge6Gd,0.3975166917459061,607.3417090586589,-607.3417090586589
858,Fe6Si6Gd,0.0838693539402523,607.9751360353291,-607.6165758323313
859,Zr6Si6Pr,0.406498209218332,608.1921258963728,-608.1921258963728
860,Mo6Si6Ho,0.2167732090157324,608.5045592314439,-608.5045592314439
861,Os6Sn6Pm,0.137455215993738,608.8950517767665,-608.8950508433915
862,Pd6Si6Dy,0.1413797497520442,610.5076026099068,-610.5076022450286
863,Au6Si6Eu,0.1868610840796595,611.7534045751211,-611.7534045751144
864,Zr6Si6Pm,0.4003951023376627,616.7317545124563,-616.7317545124563
865,Re6Si6Tm,0.0669043353754598,640.94474374361,-619.145010336361
866,Hg6Ge6U,0.5320012901283523,621.6369814248993,-621.6369814248993
867,Re6Sn6U,0.2842734298997501,621.7392408466918,-621.7392408466918
868,Os6Sn6Sm,0.1297955906204794,622.9267300387644,-622.9267240364514
869,Fe6Si6Er,0.0686613769116112,638.1784575603798,-623.8571169823254
870,Zn6Pb6Pr,0.1659811628416007,624.8785701373137,-624.878570136295
871,Hf6Ge6Pr,0.2760611153816895,625.2794619304234,-625.2794619304234
872,Ti6Ge6Er,0.1479667897718793,626.4023188459216,-626.4023187688776
873,Mo6Ge6Nd,0.0714030661090103,635.1690847442932,-627.747126675282
874,Ti6Ge6Nd,0.1534497353650745,629.6999199564794,-629.699919935705
875,Zn6Pb6Nd,0.1683390566217398,631.7297487564819,-631.729748755897
876,Hg6Ge6Er,0.4276387513927098,631.7349986238235,-631.7349986238235
877,Mo6Si6U,0.1641703523545684,632.3476465356778,-632.3476465340858
878,Os6Sn6Ho,0.1080659702690992,633.166561788864,-633.1654390150685
879,Co6LaGe6,10.0,633.7625598774985,-633.7625598774985
880,Cd6Pb6U,0.1183134064643536,634.5007548319091,-634.500658646412
881,Ni6Pb6U,0.306092296351858,635.0735208846714,-635.0735208846714
882,Fe6Si6Tm,0.0624637681223986,707.0467180175872,-639.4243976676207
883,Hf6Ge6Eu,0.2764907580990999,645.6478885619771,-645.6478885619771
884,Re6Ge6U,0.1327374403972296,655.4525032094846,-655.452500092089
885,Mo6Si6Er,0.2181044414827237,657.089202451945,-657.089202451945
886,Tc6Pb6Tm,0.5264574794179495,657.6179886937605,-657.6179886937605
887,Rh6Ge6Eu,0.0904867555904614,659.1601210290318,-659.0806821952486
888,LaMn6Si6,10.0,659.8145288401546,-659.8145288401546
889,Co6LaPb6,10.0,661.0642313212902,-661.0642313212902
890,Hg6Sn6Er,0.2018037699263728,665.4940543348065,-665.4940543348063
891,Ru6Si6Tb,0.1604998383785658,667.2370289593557,-667.2370289553022
892,Cd6Sn6Gd,0.0867368885379949,668.3872829995153,-668.1891836286425
893,Cd6Si6Ce,0.4235696457670111,671.0916698218135,-671.0916698218135
894,Au6Si6Sm,0.1912236336567741,676.8396058786843,-676.8396058786818
895,Ru6Si6Nd,0.1680832427462785,677.3324118374203,-677.3324118367536
896,Cd6Sn6Tb,0.0892974881331261,680.1955353559288,-680.0864854693549
897,Rh6Pb6U,0.1960701265779686,682.7766241145234,-682.7766241145226
898,LaRh6Ge6,10.0,688.4654028331518,-688.4654028331518
899,Cu6Ge6Ho,0.0522319879714058,2635.7179467553933,-689.5366680869564
900,Pt6Pb6Lu,0.3054562433970421,690.4035236485245,-690.4035236485245
901,Ti6Ge6Ho,0.1499161185264679,700.9715926034725,-700.9715925494709
902,Mo6Sn6U,0.0645626449644413,751.9049797811019,-707.6120069559051
903,Cd6Si6Pr,0.3906512939761934,708.9015141759041,-708.9015141759041
904,Fe6Si6Dy,0.0734299078901049,715.2598110751283,-710.109750345319
905,Ir6Sn6Ce,0.0579970178031205,954.992374323568,-710.6262507195922
906,Cd6Ge6Nd,0.1965340828793245,719.7282516209646,-719.7282516209638
907,Fe6Si6Ho,0.0715091995104755,728.8128134950223,-720.5095922832246
908,Fe6Si6Tb,0.0795685950309412,725.8905996826848,-724.6894778250314
909,Mo6Ge6Tb,0.0570899492056402,1049.9808176996012,-726.0449319368448
910,Tc6Si6U,0.1872835315666961,726.8486151323682,-726.8486151323611
911,V6Pb6Pr,0.3464963096984244,727.857727898933,-727.857727898933
912,Zn6Pb6Dy,0.1795427821669816,729.2673155712326,-729.2673155711867
913,Mo6Ge6Er,0.0545847694831872,1459.3146106070678,-730.6049314377191
914,Pt6Pb6Tb,0.2353479609508831,733.2493278503554,-733.2493278503554
915,Zn6Pb6Ce,0.1731493538670108,734.253080248352,-734.2530802481378
916,Cd6Sn6Ce,0.1042913328001224,736.6851147403902,-736.6818826117498
917,Mo6Pb6Pm,0.534027159286352,737.4226221696899,-737.4226221696899
918,Tc6Pb6Tb,0.5247033905143893,737.5097152937506,-737.5097152937506
919,Cd6Ge6U,0.3272015859007424,737.9543530687905,-737.9543530687905
920,Cd6Sn6Nd,0.0835392289082329,740.4273474321172,-739.9546782218005
921,Cd6Sn6Eu,0.0548121038500087,1424.6024294717736,-741.9491305414438
922,Mo6Pb6Ce,0.5437811571121588,745.7570266269129,-745.7570266269129
923,V6Pb6Nd,0.3440643357778636,747.8007977504469,-747.8007977504469
924,Mo6Ge6Lu,0.0595113853307631,919.9235223284434,-749.6214251265617
925,V6Pb6Sm,0.3388778916142634,754.2448759245973,-754.2448759245973
926,Ru6Si6U,0.1456337068507806,760.2276400405306,-760.227639876846
927,Fe6Si6Sm,0.0993370189638488,763.6964864370647,-763.6854832920155
928,Mo6Si6Lu,0.2341500434942359,767.3209475250599,-767.3209475250599
929,Cd6Sn6Pr,0.0758000304339768,775.1077006592707,-771.9428741519858
930,Fe6Si6Nd,0.1106675789216604,772.6391945352327,-772.6384607249668
931,Hg6Ge6Lu,0.4453238551488145,772.6999331079452,-772.6999331079452
932,Hg6Sn6Lu,0.200362465918114,777.85641943787,-777.8564194378697
933,Cd6Ge6Eu,0.1815136744347946,779.316569600257,-779.3165696002264
934,Cd6Ge6Pr,0.1912342043014218,780.6811021602819,-780.6811021602789
935,LaRh6Sn6,10.0,784.5152878308594,-784.5152878308594
936,Zr6Ge6U,0.3016286505321909,790.887623232437,-790.887623232437
937,Pd6Ge6Nd,0.0905933943380431,792.4737398958495,-792.3806478772731
938,Mo6Ge6Tm,0.0620352784106892,898.2614283031164,-803.5368088978339
939,Ta6Sn6Nd,0.0576708566924261,1108.5600960282968,-804.9644966021734
940,Pd6Ge6Tb,0.0888400243347454,806.5354702447668,-806.3911615050638
941,LaOs6Ge6,10.0,807.7983018683467,-807.7983018683467
942,Nb6Si6Ce,0.2797818167441534,813.7884876352723,-813.7884876352723
943,W6Ge6Lu,0.120796327875283,817.8883675175312,-817.8882991932737
944,LaMo6Si6,10.0,825.7784735469958,-825.7784735469958
945,Mo6Si6Gd,0.1966108942202806,826.4394980954743,-826.4394980954735
946,Au6Si6Er,0.2279777522558467,827.7705019759089,-827.7705019759089
947,Cd6Sn6Pm,0.0829151225182892,828.5903282900631,-827.9759393993339
948,Hf6Si6U,0.4500188957033972,828.9396461122636,-828.9396461122636
949,LaTc6Ge6,10.0,830.3386404818318,-830.3386404818318
950,Cd6Si6Pm,0.3631970925346455,830.742282123637,-830.742282123637
951,Hg6Sn6U,0.2301788004831161,832.4704522966939,-832.4704522966939
952,Hf6Ge6U,0.254642915386452,836.4810402264727,-836.4810402264727
953,Pd6Ge6Eu,0.0552886906004528,1496.4660901776176,-839.8779889324434
954,Nb6Si6Sm,0.2848443925133949,839.9031011863264,-839.9031011863264
955,Pd6Ge6Pr,0.0972921922333854,841.9624127233618,-841.9425965205205
956,Os6Pb6U,0.6895293172068989,850.2387058564133,-850.2387058564133
957,Mo6Ge6Eu,0.148782267222291,853.3577643550805,-853.3577642687789
958,Ru6Pb6Yb,0.1919219368404277,855.2636739932063,-855.2636739932036
959,Cd6Sn6Sm,0.0847259684287096,862.172622533965,-861.7586144828396
960,Pd6Ge6Sm,0.0884756797197183,863.018515305706,-862.8499913632985
961,Mo6Pb6Tb,0.5689115220620483,867.004704586902,-867.004704586902
962,Ru6Pb6Tm,0.2837216450940143,873.3080679635339,-873.3080679635339
963,Mo6Pb6Nd,0.5774556859116771,882.7786477653125,-882.7786477653125
964,Tc6Pb6Ho,0.5225936006274157,883.171733160295,-883.171733160295
965,Cd6Sn6Dy,0.0982188080997069,883.4889620066025,-883.4723145426055
966,Pd6Si6Gd,0.1456851469334598,885.1129266398058,-885.1129264515704
967,Pt6Si6Gd,0.1786074896824655,885.9197483776973,-885.9197483776276
968,Nb6Si6Pm,0.2419023061845183,888.1235401396314,-888.1235401396314
969,LaRu6Sn6,10.0,889.3524840101486,-889.3524840101486
970,Zn6Pb6Tb,0.1780104013607762,890.6591344459649,-890.659134445884
971,Mo6Pb6Pr,0.5711080809371814,893.7474036764903,-893.7474036764903
972,V6Sn6Eu,0.066068432090494,932.8178625556367,-894.1885884489118
973,Os6Sn6U,0.1100800252860944,895.1822579966971,-895.1812790487606
974,Cr6Ge6Eu,0.0765065637292855,898.8382204108979,-895.7396222808296
975,Mo6Pb6Sm,0.5752713786472773,896.5484939902826,-896.5484939902826
976,Ru6Pb6Ho,0.2726002905974402,898.196495600161,-898.196495600161
977,Pt6Ge6Eu,0.1262149203067414,903.1749011068,-903.1748805540844
978,LaV6Si6,10.0,907.4333458288528,-907.4333458288528
979,Re6Sn6Sm,0.2662114351814802,910.9492742299955,-910.9492742299955
980,Nb6Ge6Ho,0.1568287526397535,915.8567831365432,-915.8567831231147
981,Rh6Pb6Lu,0.0995404534308291,916.6389442185921,-916.6263668326569
982,Au6Si6Gd,0.2069595605378104,918.9123979693345,-918.9123979693344
983,Fe6Si6Pr,0.1210534013343706,922.0082279327779,-922.0081555190766
984,Nb6Si6Nd,0.2788128202088631,931.9901690364969,-931.9901690364969
985,Au6Si6Dy,0.2057040295389747,936.0494501512245,-936.0494501512244
986,Hg6Pb6Lu,0.1053742983309927,939.5581043634123,-939.5549256426766
987,Zn6Ge6Ho,0.1196367453100619,944.5389044173783,-944.5388001940811
988,V6Pb6Pm,0.2862321135396695,947.1932492754584,-947.1932492754584
989,Ti6Ge6Dy,0.150225548125896,947.5968588680543,-947.5968588002781
990,Zn6Ge6Er,0.1206784278204396,949.9819189768534,-949.9818373402306
991,Cd6Ge6Dy,0.2324849993698155,954.0893954609373,-954.0893954609373
992,Nb6Si6U,0.2935085941909767,956.585548013221,-956.585548013221
993,Cu6Ge6Dy,0.0514780463862101,5460.441787942449,-958.4647308066253
994,Mo6Ge6Pr,0.0726562533661738,966.9950367377263,-958.617961565091
995,Mo6Pb6Eu,0.6282776552283845,959.0737600510138,-959.0737600510138
996,V6Si6U,0.1254218651209361,959.2850381760747,-959.2850117698873
997,Mn6Si6U,0.0643416660207405,1025.709240121801,-962.0981609002201
998,LaSn6V6,10.0,963.335027715472,-963.335027715472
999,Rh6Pb6Er,0.0792115368638584,968.7364707602034,-966.9902231901508
1000,Nb6Si6Pr,0.2868504523828277,968.4594778170725,-968.4594778170725
1001,Tc6Sn6Sm,0.0586611367973871,1246.104380684372,-969.0030260286312
1002,Ti6Ge6Pr,0.1550875017429664,975.1058185992258,-975.1058185775117
1003,Nb6Pb6Er,0.3052274739758502,977.616305167422,-977.616305167422
1004,Co6Si6U,0.0840590026565123,980.6852185498553,-980.132575922741
1005,Cr6Sn6Gd,0.139287077660875,989.2311402310687,-989.2311392541119
1006,Cu6Sn6Ce,0.0510472884322073,8015.979466097486,-1002.1347137059535
1007,Pt6Pb6Pm,0.0866927444504432,1003.9478691224339,-1003.6471461794281
1008,Ru6Pb6U,0.464678233006871,1008.5554068044594,-1008.5554068044594
1009,Ti6Ge6Ce,0.1313712210022809,1022.1742819276461,-1022.1742751796069
1010,Os6Sn6Pr,0.1458845335400009,1025.0756990099567,-1025.075698802142
1011,Cd6Si6Nd,0.3878305462979817,1025.8552870308042,-1025.8552870308042
1012,W6Pb6Yb,0.8933844786225966,1029.513345130467,-1029.513345130467
1013,Re6Sn6Nd,0.278925986110872,1031.6376623946555,-1031.6376623946555
1014,Ir6Pb6U,0.4215234856899162,1038.8490682422646,-1038.8490682422646
1015,Mn6Pb6Tm,0.3303405881821042,1039.8124643409317,-1039.8124643409317
1016,LaSn6Tc6,10.0,1039.817620120183,-1039.817620120183
1017,Co6Pb6Ce,0.3172174669234203,1041.1319235662738,-1041.1319235662738
1018,Mn6Pb6Dy,0.3353759405429904,1046.8051620818985,-1046.8051620818985
1019,Mn6Pb6Pr,0.3297133690555781,1052.4847219357603,-1052.4847219357603
1020,Zr6Sn6Lu,0.1424072824517146,1054.417009118003,-1054.4170086255453
1021,W6Ge6Er,0.101488871555986,1056.6681778942975,-1056.659094526775
1022,V6Pb6Ce,0.3288360029667191,1058.3676933837828,-1058.3676933837828
1023,LaRu6Si6,10.0,1058.584603311498,-1058.584603311498
1024,Mn6Pb6Tb,0.3314244296918038,1074.0799302202051,-1074.0799302202051
1025,Re6Si6U,0.1390979861232522,1076.7313161655345,-1076.7313150527937
1026,Co6Pb6Er,0.3397183832452318,1077.8974846874246,-1077.8974846874246
1027,Co6Sn6Pr,0.0536430625321763,2645.494293727009,-1088.0755153317534
1028,Ir6Pb6Gd,0.196860292668952,1091.025281290018,-1091.025281290017
1029,Fe6Pb6Eu,0.4493740464920377,1094.4044125835865,-1094.4044125835865
1030,LaSn6Ti6,10.0,1094.5920368890877,-1094.5920368890877
1031,W6Pb6Lu,0.9244284570865264,1102.2186997926003,-1102.2186997926003
1032,Os6Sn6Dy,0.1135199822435941,1107.038858440871,-1107.0383282135645
1033,Au6Ge6Tm,0.1680649957035963,1110.0132891717944,-1110.0132891706971
1034,Re6Pb6U,0.7694920643729217,1111.1002245540346,-1111.1002245540346
1035,Pt6Pb6Pr,0.184261811391322,1111.97250164855,-1111.9725016485274
1036,Ta6Sn6Pr,0.0599785749794344,1338.4238652726149,-1114.7313676872466
1037,Zr6Sn6Er,0.1452244632428612,1116.7762091393158,-1116.7762088740471
1038,Ru6Sn6U,0.0835241714229102,1118.0317008165173,-1117.315395903113
1039,Au6Ge6Sm,0.1194032142130901,1118.8472948796702,-1118.8471643056198
1040,Au6Sn6Sm,0.1454997391719459,1118.9172467296296,-1118.9172464808437
1041,LaSn6Zr6,10.0,1124.7312198976206,-1124.7312198976206
1042,Ta6Pb6U,0.4428556226042027,1133.0093232033319,-1133.0093232033319
1043,Zr6Si6Tb,0.4127054365888332,1135.57240125218,-1135.57240125218
1044,Rh6Si6Dy,0.1318795405724606,1135.7278036409539,-1135.7277970043726
1045,Ru6Si6Tm,0.1580621060694312,1137.2831982741254,-1137.2831982617229
1046,Mn6Pb6Ce,0.3263213454691059,1139.8971114620874,-1139.8971114620874
1047,Cu6Si6Er,0.1204161252886127,1140.8505966729804,-1140.8504922638608
1048,Ti6Si6Eu,0.3432103229195529,1141.9768970857974,-1141.9768970857974
1049,Tc6Sn6Ce,0.0633730104064465,1238.7554792281398,-1142.6058983512303
1050,Ni6Sn6Nd,0.0588465616819069,1454.7832660184952,-1143.853386656209
1051,Re6Sn6Gd,0.253552415432188,1144.234832364678,-1144.234832364678
1052,Pd6Ge6Ce,0.089049376999866,1144.737058943916,-1144.5422737962722
1053,Nb6Ge6U,0.1321625206694228,1146.7531843234262,-1146.7531780624088
1054,Mn6Pb6Pm,0.2746157181887075,1146.899407651326,-1146.899407651326
1055,Mo6Pb6U,0.5682828340318502,1150.8271536419795,-1150.8271536419795
1056,Re6Sn6Lu,0.2432659352783885,1152.4688414416883,-1152.4688414416883
1057,Au6Ge6Pm,0.1137212139655779,1164.5593767435882,-1164.5588452642962
1058,Pt6Sn6Sm,0.149969449121317,1164.8319792317523,-1164.831979143157
1059,Pt6Pb6Sm,0.2087768383700663,1166.6866604538218,-1166.6866604538218
1060,Au6Sn6Tm,0.1778259961238301,1179.2658629581608,-1179.2658629580487
1061,Os6Sn6Gd,0.119896703690545,1182.2358341895358,-1182.2357116282128
1062,Ta6Sn6Ce,0.0681883936062672,1213.5457862511053,-1183.0800497129655
1063,Tc6Sn6Pr,0.0715566235008043,1204.8587024808335,-1191.2864574421305
1064,Re6Sn6Ce,0.2716407605024059,1194.4476727043184,-1194.4476727043184
1065,Re6Sn6Er,0.2404266663891891,1205.634459555139,-1205.634459555139
1066,LaPb6V6,10.0,1210.6183655756688,-1210.6183655756688
1067,Au6Sn6Pm,0.1435481140133316,1210.740824085907,-1210.7408236558776
1068,Tc6Sn6Nd,0.0704669384275848,1229.3520762218689,-1211.3948222417598
1069,Hg6Pb6Nd,0.1124730424422461,1212.3423691842602,-1212.3416226534762
1070,Ta6Sn6Pm,0.0601905898084831,1443.0051732799602,-1212.8443492931674
1071,Au6Si6Ho,0.2165423927782756,1217.224481497001,-1217.224481497001
1072,Cr6Pb6Yb,0.3630359578700458,1217.7888147243038,-1217.7888147243038
1073,Ta6Si6Tm,0.2744314172518692,1226.3029078728216,-1226.3029078728216
1074,Ru6Pb6Lu,0.3025168546853542,1227.5217045208421,-1227.5217045208421
1075,Ti6Ge6Gd,0.147566831359542,1229.63502105475,-1229.6350208882748
1076,Pt6Ge6Tb,0.1208141365725083,1230.3865393241767,-1230.3864369792668
1077,Fe6Pb6Ce,0.4158817685725273,1233.6082588429892,-1233.6082588429892
1078,Pt6Sn6Pm,0.102303842119782,1234.488837544368,-1234.480110828735
1079,Mn6Pb6Eu,0.3208269880725038,1235.0666312884293,-1235.0666312884293
1080,Pd6Pb6Ho,0.1205603919893258,1239.4727418747673,-1239.472632300235
1081,Cd6Pb6Er,0.0644553319079806,1323.686453488172,-1243.7382509234217
1082,Ru6Pb6Sm,0.2852758499710253,1251.8483067284517,-1251.8483067284517
1083,Pd6Ge6Dy,0.0847364910458167,1254.7169544788144,-1254.1159692350989
1084,Rh6Si6Gd,0.1342527715483448,1257.2466509411104,-1257.2466467846161
1085,LaRh6Si6,10.0,1258.1935296509448,-1258.1935296509448
1086,Nb6Pb6Lu,0.2979209944964267,1262.8811481167818,-1262.8811481167818
1087,Ti6Si6Tb,0.2886283766632119,1264.1379952085747,-1264.1379952085747
1088,LaPb6Rh6,10.0,1268.6406354089731,-1268.6406354089731
1089,Ru6Si6Er,0.1585200749332864,1273.4114938805792,-1273.4114938681375
1090,V6Pb6Ho,0.3227199672994689,1275.7045729685067,-1275.7045729685067
1091,Rh6Ge6Er,0.0607208645480532,1487.7443766341694,-1276.7942876996576
1092,Ta6Si6Ho,0.2677945225200899,1281.0478715742847,-1281.0478715742847
1093,V6Pb6Er,0.3231027687863066,1283.4507928011715,-1283.4507928011715
1094,Nb6Si6Tm,0.2991864741018185,1287.3478729220797,-1287.3478729220797
1095,Nb6Si6Er,0.2964365828567101,1289.5175080010508,-1289.5175080010508
1096,Nb6Si6Lu,0.3054516699462662,1290.2023645945605,-1290.2023645945605
1097,Pt6Pb6Nd,0.1892513656430795,1295.256041313039,-1295.2560413130311
1098,Rh6Si6Ho,0.1343874548617831,1297.1829680368314,-1297.1829638847123
1099,Tc6Sn6Pm,0.0649421033869535,1371.6589777179993,-1297.7015657912675
1100,Au6Sn6Ce,0.1268601077264078,1298.4538840095381,-1298.4538587005045
1101,Re6Pb6Sm,0.7022089342905344,1299.972712082245,-1299.972712082245
1102,Cd6Si6Sm,0.4159644991576304,1302.5933867055091,-1302.5933867055091
1103,Ru6Pb6Er,0.2879146329911185,1304.1611700675878,-1304.1611700675878
1104,Os6Si6U,0.0704999352969072,1324.231683742491,-1305.039987759854
1105,Cd6Si6Gd,0.4190385644216686,1308.2475151198503,-1308.2475151198503
1106,Pd6Pb6Tb,0.0992752430950423,1311.444141047687,-1311.424963868042
1107,Zr6Sn6U,0.1434585810477773,1311.9246648043309,-1311.924664328242
1108,Cd6Pb6Lu,0.0705212256412776,1331.1352634126615,-1311.941130316065
1109,Fe6Pb6Tb,0.4447337711233321,1313.1983236598003,-1313.1983236598003
1110,Zn6Pb6Eu,0.1338863872987463,1314.8408446458031,-1314.840839899359
1111,V6Pb6Gd,0.3370402039075632,1316.6732905497645,-1316.6732905497645
1112,Ir6Ge6Dy,0.0578293965397328,1794.8888936104854,-1319.2525395065875
1113,Pd6Ge6Gd,0.0855259347886879,1321.6339591671267,-1321.1101622607564
1114,W6Ge6Dy,0.1133049048830734,1323.8798353262846,-1323.8791676507774
1115,Au6Si6Tb,0.2074888985342675,1328.1132773623806,-1328.1132773623804
1116,Nb6Si6Ho,0.295187894107616,1328.316138439541,-1328.316138439541
1117,Ta6Ge6U,0.162171857354293,1328.9670549414823,-1328.9670549360771
1118,Zr6Si6U,0.5165776409089171,1334.5415207562808,-1334.5415207562808
1119,Mn6Pb6Sm,0.3304595927233124,1335.6306623600883,-1335.6306623600883
1120,Fe6Pb6Nd,0.4535594114312596,1336.0073073732913,-1336.0073073732913
1121,Hg6Sn6Nd,0.1988322891929384,1336.5015079773157,-1336.501507977315
1122,Ta6Sn6Eu,0.0888867966112846,1339.1866074839268,-1338.9496690097876
1123,Au6Ge6Gd,0.0905196963924855,1339.392056025452,-1339.2319099066674
1124,Cr6Pb6Lu,0.4055142883566157,1341.393104408504,-1341.393104408504
1125,V6Pb6Eu,0.3703173353299741,1344.0103213042146,-1344.0103213042146
1126,V6Pb6Lu,0.3062223954355731,1345.3286357157656,-1345.3286357157656
1127,Re6Sn6Dy,0.2478373781864967,1347.4599145069533,-1347.4599145069533
1128,Cr6Sn6U,0.1316615447615358,1347.745320034184,-1347.7453117356793
1129,Re6Pb6Pm,0.6604747405386413,1352.583613917907,-1352.583613917907
1130,LaTi6Si6,10.0,1353.6173530491571,-1353.6173530491571
1131,Fe6Pb6Pm,0.4011134647827557,1354.5975101687611,-1354.5975101687611
1132,Mo6Ge6Sm,0.0713736542922633,1371.114150566279,-1354.9798405564577
1133,W6Sn6Sm,0.3163340706970745,1356.8174850332668,-1356.8174850332668
1134,Cr6Sn6Tm,0.1235080099078997,1357.336954902571,-1357.3368957561975
1135,Cu6Si6Pr,0.1462322104758737,1359.9168085102133,-1359.916808256587
1136,Au6Ge6Nd,0.113218054250982,1360.7497760033789,-1360.7490752783226
1137,Rh6Ge6Lu,0.070869761651511,1385.5505064484864,-1367.1643114017854
1138,Ta6Sn6U,0.1108215836225961,1372.5330263206931,-1372.531770065573
1139,LaMo6Ge6,10.0,1376.6650339550765,-1376.6650339550765
1140,Rh6Si6Tm,0.1327935354108125,1376.7823262296124,-1376.7823197690675
1141,V6Pb6U,0.3757338362912694,1378.9054253475383,-1378.9054253475383
1142,Hg6Sn6Pr,0.1845345746372467,1379.2252507643457,-1379.2252507643195
1143,Tc6Pb6U,0.4686692333591767,1379.7859572020075,-1379.7859572020075
1144,Nb6Ge6Er,0.1576135571307607,1382.2864717259902,-1382.2864717092023
1145,Cd6Pb6Dy,0.0593395762407884,1714.395038258905,-1384.9386075753437
1146,Rh6Si6Er,0.1370179847228133,1385.6380123552008,-1385.6380099961546
1147,Pd6Si6Ce,0.1505727527826525,1388.2083845760278,-1388.2083844846757
1148,Cr6Sn6Dy,0.13464268487341,1391.5747808766978,-1391.5747766871
1149,Mo6Ge6Pm,0.0681383388568418,1432.6199975491877,-1396.225319139095
1150,W6Si6Er,0.1731027973562231,1399.569881820658,-1399.5698818202452
1151,Ti6Si6Pr,0.2980264901085547,1405.3585622189044,-1405.3585622189044
1152,Ti6Ge6Tb,0.1470124379123185,1406.1099624035683,-1406.1099621861092
1153,Zr6Si6Eu,0.4220494075555029,1407.782720407017,-1407.782720407017
1154,Ta6Si6U,0.3029064306346417,1408.994188153479,-1408.994188153479
1155,Ru6Pb6Pm,0.2335606750196093,1409.074748896496,-1409.074748896496
1156,Os6Sn6Eu,0.146468234155367,1409.4207826354661,-1409.4207823870834
1157,Au6Sn6Nd,0.1300989916506303,1410.9586571407335,-1410.9586445000004
1158,Cr6Sn6Eu,0.1792316683646523,1412.968871017803,-1412.968871017707
1159,Cu6Si6Sm,0.1278140931792611,1419.3786456254807,-1419.3786236209176
1160,Nb6Pb6Gd,0.3114129564333746,1420.4054262304178,-1420.4054262304178
1161,W6Sn6Pm,0.3449656394071071,1421.4494023947566,-1421.4494023947566
1162,Au6Sn6Pr,0.128351021303947,1421.933485680572,-1421.93346630166
1163,W6Pb6Er,0.9396300704029812,1422.203500376219,-1422.203500376219
1164,Cr6Pb6Pm,0.3754418240522564,1425.8192724729847,-1425.8192724729847
1165,V6Pb6Tm,0.3159262986811943,1434.374699080981,-1434.374699080981
1166,Hf6Sn6U,0.0923380947076545,1434.6833704324279,-1434.5724935361384
1167,Ta6Pb6Sm,0.4572220991900301,1435.0501559392678,-1435.0501559392678
1168,Re6Pb6Nd,0.7090441692146033,1436.2647262135467,-1436.2647262135467
1169,Ru6Pb6Pr,0.2883434755261236,1446.5186125789928,-1446.5186125789928
1170,Ir6Ge6Er,0.0693370229575385,1475.1532051547324,-1446.9573240169243
1171,Cr6Pb6Pr,0.4313540745952215,1450.0935592327555,-1450.0935592327555
1172,Ir6Pb6Pm,0.1486140861713371,1451.3477343875472,-1451.3477342347242
1173,Cr6Sn6Pm,0.1687208581312318,1452.965382477346,-1452.9653824761187
1174,Fe6Pb6Tm,0.4359335978947658,1454.2867535946016,-1454.2867535946016
1175,Nb6Si6Tb,0.2871500929288382,1455.6903573887048,-1455.6903573887048
1176,Hf6Sn6Tb,0.1066712535118739,1459.0636043766167,-1459.0599884414253
1177,Mn6Pb6Nd,0.3294633276103772,1462.68910659973,-1462.68910659973
1178,Hg6Pb6Sm,0.1170781671661839,1465.9388115959616,-1465.9385126841278
1179,Pd6Si6Tb,0.1450130218909331,1467.455136562784,-1467.4551361960735
1180,Nb6Pb6Dy,0.3100185967288628,1477.7916940734565,-1477.7916940734565
1181,Au6Ge6Er,0.1582364580328633,1479.7826734461967,-1479.7826734307203
1182,Fe6Si6U,0.0970661297630253,1480.42986830419,-1480.3930826966757
1183,Pd6Si6Nd,0.1520203710461933,1480.8345629924142,-1480.8345629235673
1184,Ti6Si6Lu,0.2998876256923262,1484.352799355461,-1484.352799355461
1185,Cd6Si6Tb,0.4235116992594793,1488.0414783680906,-1488.0414783680906
1186,Hg6Sn6Sm,0.1894043039870842,1490.3594648258177,-1490.3594648258088
1187,Re6Pb6Ho,0.6907200947991995,1490.462422631024,-1490.462422631024
1188,Mo6Pb6Lu,0.5526301162797549,1490.7984418900758,-1490.7984418900758
1189,Re6Sn6Tb,0.2438351392335078,1492.7683421728884,-1492.7683421728884
1190,Ru6Pb6Ce,0.2612515045356725,1501.2386488448162,-1501.2386488448162
1191,Pd6Si6Sm,0.1442660715976146,1502.2818853295232,-1502.2818848804004
1192,Ti6Si6Er,0.297724584270397,1502.352235195845,-1502.352235195845
1193,Ru6Pb6Nd,0.2842353635614884,1502.8840019291601,-1502.8840019291601
1194,Cr6Pb6Eu,0.4271603486745532,1503.7660052512676,-1503.7660052512676
1195,Zr6Sn6Sm,0.1341222429563077,1503.945677344245,-1503.9456722139314
1196,Nb6Ge6Tb,0.1483739514953124,1504.2535177761292,-1504.2535176083386
1197,Ag6Si6Yb,0.1966587975798339,1504.2892018193083,-1504.2892018193068
1198,Ti6Si6Tm,0.297399756112658,1505.1370348830033,-1505.1370348830033
1199,Fe6Pb6Sm,0.4469196986158739,1508.6937310820722,-1508.6937310820722
1200,Rh6Si6Lu,0.1351790579825916,1517.5210970198234,-1517.5210930028961
1201,Cu6Si6Ho,0.1222017146909092,1517.8143318602592,-1517.81424136723
1202,Pd6Pb6Pm,0.095637362108654,1519.969045485097,-1519.915829261939
1203,Cd6Ge6Lu,0.2559704662902019,1523.2611025406482,-1523.2611025406482
1204,Au6Ge6Lu,0.1854046090849036,1527.9482792766748,-1527.9482792766512
1205,Cr6Sn6Lu,0.1176612428409851,1529.4673129859011,-1529.467041846208
1206,Mo6Pb6Er,0.5689748293250835,1530.5089776684908,-1530.5089776684908
1207,Ta6Pb6Tb,0.4548854211098201,1535.3095380972004,-1535.3095380972004
1208,Pt6Pb6Ce,0.2110854526968,1536.8905802213437,-1536.8905802213437
1209,Ag6Sn6Ho,0.0550588560516717,2843.9757684411843,-1541.5946195372755
1210,Ti6Si6Ho,0.2943491678641182,1545.6202982843895,-1545.6202982843895
1211,Hf6Sn6Nd,0.1004191590312649,1547.482206507547,-1547.4650103967442
1212,W6Sn6Pr,0.3194033717082954,1548.0736325643113,-1548.0736325643113
1213,Fe6Pb6Dy,0.4476968497982551,1548.899365930827,-1548.899365930827
1214,Tc6Pb6Yb,0.4358581369812406,1549.6877980489267,-1549.6877980489267
1215,LaPd6Si6,10.0,1552.4810867744077,-1552.4810867744077
1216,Zn6Sn6Sm,0.1115221731355523,1555.241485614578,-1555.2402824362898
1217,V6Pb6Yb,0.2200505961728188,1555.7961921498063,-1555.7961921498063
1218,Pd6Pb6Tm,0.1346164949745981,1560.266903440156,-1560.2668987130596
1219,Ti6Si6Dy,0.2932537817438206,1563.5071705051319,-1563.5071705051319
1220,Pt6Sn6Nd,0.1423829357956797,1564.2805127797799,-1564.2805120449127
1221,Hg6Sn6Tb,0.18970606471788,1569.2606449988216,-1569.260644998813
1222,Cd6Ge6Gd,0.1958087492645212,1572.1631563604622,-1572.1631563604603
1223,Mo6Pb6Ho,0.5662487585229309,1581.12158845096,-1581.12158845096
1224,Ti6Si6Nd,0.2924371422853024,1581.547303255522,-1581.547303255522
1225,Rh6Ge6Tm,0.0528009518086765,4892.001950651745,-1585.0278394705892
1226,Cu6Si6Dy,0.1212393663553273,1585.2925185996733,-1585.292399527001
1227,Ir6Pb6Sm,0.1981416415442397,1585.6026143551887,-1585.6026143551876
1228,Pt6Sn6Pr,0.1464903424066714,1591.895039299558,-1591.8950390205023
1229,Pd6Si6Ho,0.1436195892265533,1594.4671177524124,-1594.4671171957234
1230,Ir6Si6Tb,0.1242670581791745,1596.3861245063492,-1596.3860665284762
1231,W6Sn6Er,0.2981919753281336,1597.8160765563164,-1597.8160765563164
1232,Pd6Si6Tm,0.1436495528305624,1598.478540897802,-1598.4785403437115
1233,Cd6Ge6Er,0.2335506807041178,1601.2122442703778,-1601.2122442703778
1234,Pd6Si6Er,0.1472372994771468,1602.5800255781678,-1602.580025343345
1235,Ti6Si6Pm,0.268911639936721,1605.4074083763512,-1605.4074083763512
1236,Ru6Si6Lu,0.1526656719183032,1612.9112112834573,-1612.9112112192288
1237,Pd6Pb6Lu,0.1494418427332215,1615.9499157336336,-1615.9499155941357
1238,Ti6Ge6U,0.1170617470819687,1617.2913901177185,-1617.2910590422389
1239,Ta6Pb6Pm,0.3964118337667346,1621.1671018332727,-1621.1671018332727
1240,Fe6Pb6Pr,0.4552252823018666,1622.3182192398472,-1622.3182192398472
1241,Ti6Si6Ce,0.2818830636316772,1629.8383470550555,-1629.8383470550555
1242,Mo6Pb6Tm,0.5646359338710291,1632.6541816045424,-1632.6541816045424
1243,Fe6Pb6U,0.5274193657814908,1637.6572321205742,-1637.6572321205742
1244,Pd6Pb6Ce,0.0719460557762797,1656.938509758529,-1639.930656846153
1245,Cr6LaGe6,10.0,1641.8267482083822,-1641.8267482083822
1246,W6Si6Lu,0.1872299963533514,1642.1312139290426,-1642.1312139290264
1247,Ti6Si6Gd,0.2961103876929593,1643.427243893127,-1643.427243893127
1248,Nb6Pb6U,0.2533989131088768,1644.9804187260052,-1644.9804187260052
1249,Ti6Si6Sm,0.2973999151509117,1645.5692148206224,-1645.5692148206224
1250,Pd6Si6Pr,0.1621859654032641,1646.7557770877297,-1646.755777081055
1251,Hf6Sn6Ce,0.1025025758917547,1648.7827499499317,-1648.771637418349
1252,Nb6Si6Eu,0.3528409133691991,1654.5983158340139,-1654.5983158340139
1253,V6Pb6Tb,0.3297340986386949,1657.2254955231006,-1657.2254955231006
1254,W6Sn6Nd,0.3245183171662965,1662.0661177932843,-1662.0661177932843
1255,Co6Pb6U,0.472735063031932,1662.6563862655562,-1662.6563862655562
1256,Cr6Sn6Tb,0.1302979649561889,1664.1330430616413,-1664.1330288479494
1257,Au6Sn6Er,0.1732645913572913,1665.6046355617675,-1665.6046355612946
1258,Ti6Si6U,0.2781429966525088,1665.860168873119,-1665.860168873119
1259,LaSn6W6,10.0,1666.2509595120625,-1666.2509595120625
1260,Zn6Ge6Gd,0.1132838162184517,1667.757331663065,-1667.7564862911386
1261,Zn6Sn6Pm,0.0832420998761572,1676.0636708576264,-1674.914657470151
1262,LaNb6Si6,10.0,1677.21421514847,-1677.21421514847
1263,Ta6Pb6Lu,0.4458962234642329,1686.3127653089678,-1686.3127653089678
1264,Cr6Sn6Sm,0.1532714815695637,1686.602464228784,-1686.6024641707093
1265,Cd6Si6Dy,0.4383578420447585,1688.9885710280562,-1688.9885710280562
1266,Hg6Sn6Ce,0.2048697271228823,1697.1226803879354,-1697.1226803879351
1267,Os6Sn6Nd,0.1407295437708395,1703.4838238123064,-1703.4838226222532
1268,Hg6Pb6Ce,0.1073874233425542,1704.6960682694873,-1704.6925107556926
1269,Pd6Pb6Er,0.126913624949603,1704.8215850590036,-1704.8215522532641
1270,Pd6Si6Eu,0.1473806275809162,1710.4770347065767,-1710.4770344644187
1271,W6Si6Gd,0.1785117192605287,1710.8721997811112,-1710.8721997809735
1272,Cr6Pb6U,0.5088551481524469,1715.6727433765004,-1715.6727433765004
1273,Pd6Pb6Sm,0.0792432775086744,1726.139962197534,-1723.0520084031511
1274,W6Sn6Lu,0.2946408234361478,1735.5845275137042,-1735.5845275137042
1275,W6Sn6Dy,0.3069717811196898,1736.570692351847,-1736.570692351847
1276,Au6Sn6Lu,0.1864823996335066,1739.268255753286,-1739.2682557532653
1277,Nb6Si6Dy,0.2902342140403913,1740.4186873102035,-1740.4186873102035
1278,Cr6Pb6Tb,0.4202036697868265,1744.0996828093434,-1744.0996828093434
1279,LaTi6Ge6,10.0,1748.4683084364067,-1748.4683084364067
1280,Ir6Sn6Lu,0.0893194412207952,1758.0951637695246,-1757.814784552748
1281,Cu6Si6Tm,0.1163283836589386,1759.33162995609,-1759.3312004934303
1282,Au6Ge6Dy,0.1394951594322486,1763.7584081709686,-1763.7584065139467
1283,Hg6Pb6Pr,0.1009486267330619,1766.643095284674,-1766.6258064029682
1284,Cr6Pb6Sm,0.4311294860807497,1766.8453767750145,-1766.8453767750145
1285,Re6Pb6Pr,0.7072811120789828,1767.4728045204035,-1767.4728045204035
1286,Zn6Sn6Nd,0.106292050574175,1772.5923711663866,-1772.5875596738479
1287,Nb6Ge6Tm,0.1234669018101898,1780.0575491097145,-1780.057470774107
1288,W6Pb6Tm,0.93616423846862,1782.651786159115,-1782.651786159115
1289,Re6Sn6Tm,0.2395251825972004,1787.914735136878,-1787.914735136878
1290,Cr6Pb6Er,0.4160610618795086,1801.4581988278824,-1801.4581988278824
1291,Cr6Pb6Nd,0.432152232882678,1805.165283519366,-1805.165283519366
1292,Hf6Sn6Eu,0.1109648163716686,1811.4431851440131,-1811.4415831882502
1293,Hf6Sn6Sm,0.1068260228663746,1811.8329441179067,-1811.8286176561323
1294,Pd6Ge6Tm,0.0944246013707825,1817.684362558396,-1817.5992228656005
1295,W6Sn6Yb,0.1960636267696495,1819.3697628874454,-1819.3697628874431
1296,Ta6Pb6Eu,0.4850963080323193,1820.2367883828683,-1820.2367883828683
1297,Pt6Sn6Tm,0.1767317182192058,1827.1628667306638,-1827.162866730438
1298,Au6Pb6Tm,0.1830521691638561,1830.7003195080838,-1830.7003195080342
1299,Cr6Sn6Nd,0.1672014608087741,1837.1106647476406,-1837.110664745406
1300,W6Ge6Nd,0.1135600145118692,1837.6288847893532,-1837.628013054432
1301,Cr6Si6Pr,0.1198641421448387,1844.3867751150538,-1844.3865824090558
1302,Pt6Sn6Ce,0.139512058589031,1854.6511236165015,-1854.6511218811404
1303,Hf6Sn6Pm,0.0703490223051259,1889.2379409958478,-1860.8554998912582
1304,Pd6Si6Lu,0.1456108406394165,1861.9659805931308,-1861.9659801900248
1305,Au6Pb6Er,0.1728703883645937,1869.3181576944744,-1869.3181576938912
1306,Ta6Pb6Nd,0.4558781334487121,1870.5443356205933,-1870.5443356205933
1307,Os6Pb6Pr,0.5487552918745913,1875.8808997403444,-1875.8808997403444
1308,Zn6Sn6Er,0.1241813253078388,1877.0029090989306,-1877.0028395123854
1309,Zn6Sn6Ho,0.124049456192741,1877.753779059717,-1877.753707206903
1310,W6Si6Dy,0.1777049329209279,1878.7558332424298,-1878.7558332422461
1311,Re6Pb6Tb,0.6978595145426216,1884.5229979593046,-1884.5229979593046
1312,Cr6Sn6Pr,0.1660435414460416,1886.6303969279127,-1886.630396924883
1313,V6Pb6Dy,0.3316409277910574,1888.0992490934195,-1888.0992490934195
1314,Re6Pb6Ce,0.6706724099757909,1892.229110726406,-1892.229110726406
1315,Cr6Pb6Gd,0.4250911287272167,1892.2700800679074,-1892.2700800679074
1316,Ta6Pb6Pr,0.458806445838917,1893.9700269189098,-1893.9700269189098
1317,W6Sn6Ce,0.3229075957630739,1894.2217855501121,-1894.2217855501121
1318,W6Sn6Ho,0.2988775528475836,1904.9290101776462,-1904.9290101776462
1319,Ir6Sn6Dy,0.0594387334204047,2354.020179912064,-1911.2845236231594
1320,Nb6Pb6Yb,0.2464541693995447,1912.8103541008636,-1912.8103541008636
1321,Zn6Sn6Tm,0.1305253015173037,1918.0744632137344,-1918.0744477009816
1322,Ta6Pb6Ce,0.4577029410944329,1927.580120381888,-1927.580120381888
1323,W6Sn6Gd,0.3122140168808327,1930.5634684652427,-1930.5634684652427
1324,Cr6Sn6Ce,0.1710940985546878,1931.2703891785739,-1931.270389177651
1325,Zn6Sn6Pr,0.1019600066612042,1942.663777673473,-1942.6488634938382
1326,Au6Sn6Ho,0.170941411100573,1947.2069320844032,-1947.206932083438
1327,Ta6Pb6Dy,0.4584985354207195,1953.1225925086223,-1953.1225925086223
1328,Au6Ge6Pr,0.1084170647814763,1960.2168301213683,-1960.2136350274886
1329,Pt6Si6Tm,0.1632356951038053,1973.1231433787073,-1973.1231433724909
1330,Co6Sn6U,0.0791382909676295,1977.740306682338,-1974.1120587480996
1331,Hg6Sn6Eu,0.1396099900158618,1975.5205470830801,-1975.5205452775624
1332,Pd6Sn6Lu,0.0752058126131126,1985.0942443523284,-1975.749469819839
1333,Cu6Si6Gd,0.1224626688115227,1995.8471893082356,-1995.8470775384699
1334,Au6Ge6Ce,0.1090241434647519,1999.4923902040325,-1999.4895729689242
1335,Au6Sn6Gd,0.1427219253356716,2000.379714083451,-2000.3797132171405
1336,Cu6Si6Lu,0.1142812374015642,2018.607415220549,-2018.6066098328968
1337,LaW6Ge6,10.0,2022.1308927208256,-2022.1308927208256
1338,Pd6Pb6Gd,0.0837141900316609,2025.7953568062796,-2024.5553050323383
1339,Hg6Si6Sm,0.5271164378621136,2030.4937616976574,-2030.4937616976574
1340,Os6Pb6Sm,0.5437352083756304,2032.6989678648329,-2032.6989678648329
1341,Cr6LaSn6,10.0,2038.158220961895,-2038.158220961895
1342,Co6Pb6Ho,0.3218287635948177,2038.7079554597876,-2038.7079554597876
1343,Ag6Sn6Ce,0.0627425430231486,2251.740206274687,-2049.694570900172
1344,Hg6Sn6Tm,0.2095482341155629,2058.4662553482726,-2058.4662553482726
1345,Zr6Ge6Tb,0.3089813171256055,2072.857260108035,-2072.857260108035
1346,Hg6Pb6Tm,0.1344270843596024,2072.9623040422966,-2072.9622974698154
1347,Cu6Si6Nd,0.135045171437302,2076.8847823020956,-2076.8847766249933
1348,W6Ge6Pr,0.1063784829123779,2090.929380882092,-2090.923821821381
1349,Hg6Si6Pm,0.4712189423660541,2095.4100942935893,-2095.4100942935893
1350,LaMn6Sn6,10.0,2097.862071559244,-2097.862071559244
1351,Nb6Ge6Eu,0.1775311392954335,2104.6177464312077,-2104.617746430993
1352,Hg6Si6Nd,0.5157736000186508,2108.7561176110385,-2108.7561176110385
1353,Zr6Sn6Nd,0.1281447570726638,2109.625486607246,-2109.6254563969815
1354,LaPb6Ru6,10.0,2110.93790612617,-2110.93790612617
1355,Os6Pb6Ho,0.5350359050290933,2112.442894829795,-2112.442894829795
1356,Ru6Si6Ho,0.1545530281632174,2119.0004789415048,-2119.0004788878596
1357,Ir6Sn6Ho,0.0684166700887,2178.516144726219,-2126.706142238467
1358,Pt6Si6Ho,0.1873933549730957,2130.4711797412347,-2130.471179741214
1359,LaNi6Sn6,10.0,2135.9038602631763,-2135.9038602631763
1360,Hg6Pb6Eu,0.0853094082866601,2159.673833653929,-2158.7722541722214
1361,LaOs6Pb6,10.0,2164.3862154495064,-2164.3862154495064
1362,Pd6Sn6Er,0.0639461347788109,2326.6549746888836,-2168.483549119829
1363,LaPb6Ti6,10.0,2173.9854601136444,-2173.9854601136444
1364,Os6Sn6Ce,0.1382377990586315,2179.437518625191,-2179.4375158564076
1365,Cu6Ge6Sm,0.0578857682850229,2960.2875506820465,-2184.9877684046796
1366,Ru6Pb6Tb,0.2791681326133867,2191.541671586131,-2191.541671586131
1367,Re6Si6Er,0.0660329575001273,2296.302732297192,-2200.4135762235455
1368,LaOs6Sn6,10.0,2208.8096483146137,-2208.8096483146137
1369,W6Sn6Tm,0.3009057048535892,2208.982601469006,-2208.982601469006
1370,Ti6Pb6U,0.117699330332894,2224.1902221254936,-2224.1898314151194
1371,Zn6Sn6Ce,0.1159843563273514,2243.37453603697,-2243.3739412825457
1372,Ir6Ge6Tm,0.0729533208899897,2273.1232385886433,-2254.7808001898884
1373,LaPb6Ta6,10.0,2260.6579081197933,-2260.6579081197933
1374,W6Pb6Ho,0.9390071006242676,2266.419061498878,-2266.419061498878
1375,W6Ge6Sm,0.1149485656056462,2273.497112979626,-2273.4963401363143
1376,Hg6Sn6Pm,0.1802244655012661,2290.691674328246,-2290.6916743281236
1377,Cu6Si6Ce,0.1383244800879363,2313.627545158358,-2313.627542279613
1378,Tc6Sn6Eu,0.0946305534369388,2320.1995039062685,-2320.096067623462
1379,Au6Sn6Tb,0.1470306110110028,2321.3358864873585,-2321.33588612992
1380,Pt6Sn6Eu,0.1214473893107281,2327.834580059441,-2327.834413728734
1381,Hf6Sn6Pr,0.0992735069481899,2327.9150083330514,-2327.8809531657566
1382,Tc6Pb6Dy,0.5320373025043891,2329.767528096295,-2329.767528096295
1383,Au6Sn6Dy,0.1532780103665714,2334.634315959258,-2334.6343158789955
1384,Ag6Sn6Dy,0.055052592471612,4329.078135323073,-2344.3047908135313
1385,Re6Si6Dy,0.0641986570156538,2516.7111328909473,-2355.3578468926635
1386,Ta6Si6Sm,0.2550256889066073,2364.2293709562887,-2364.2293709562887
1387,Re6Sn6Eu,0.319022479403494,2381.034493816209,-2381.034493816209
1388,LaPb6W6,10.0,2381.508460884856,-2381.508460884856
1389,LaPd6Sn6,10.0,2387.691794162854,-2387.691794162854
1390,Cr6Pb6Ce,0.4212701039543496,2389.071108428345,-2389.071108428345
1391,Pd6Pb6Dy,0.1098634557242668,2400.2113236490172,-2400.2085588040222
1392,Zr6Sn6Tb,0.1342713621423615,2401.5282195054197,-2401.528211601242
1393,Co6Pb6Dy,0.331483192714193,2411.111321155814,-2411.111321155814
1394,Ta6Si6Nd,0.2491041167597153,2415.701469110787,-2415.701469110787
1395,Ni6Pb6Eu,0.1205558218249305,2425.31676345295,-2425.316548809587
1396,LaPb6Pd6,10.0,2430.6339157058424,-2430.6339157058424
1397,LaV6Ge6,10.0,2434.8284127587976,-2434.8284127587976
1398,Hg6Pb6Er,0.1288543045765752,2435.848187536386,-2435.848158116379
1399,Ag6Ge6Er,0.1734642719271751,2440.3877474960664,-2440.387747495406
1400,Ta6Si6Pr,0.2589360421696281,2458.2888240451925,-2458.2888240451925
1401,Ag6Si6Gd,0.2994572600007952,2480.037902647504,-2480.037902647504
1402,Au6Ge6Tb,0.1379501166204928,2482.4622477674125,-2482.4622443882226
1403,Pt6Pb6Tm,0.2867018460550341,2493.682108319514,-2493.682108319514
1404,Mn6Pb6U,0.4357822943947088,2516.1664410449775,-2516.1664410449775
1405,Zr6Ge6Ho,0.3176425354140689,2516.276075344619,-2516.276075344619
1406,Co6Pb6Gd,0.3341107599174923,2516.758904979267,-2516.758904979267
1407,Ru6Pb6Eu,0.283642210492216,2521.6080423204558,-2521.6080423204558
1408,Cu6Si6Eu,0.1205308375283139,2533.606513917631,-2533.6062883419418
1409,Cu6Si6Tb,0.1244671026431862,2541.8378615380934,-2541.837773550506
1410,Pd6Sn6Tm,0.0666423653570577,2647.0258557692578,-2551.259030363188
1411,Co6Pb6Tm,0.3342827642339112,2558.6104388920776,-2558.6104388920776
1412,Zr6Sn6Gd,0.1176845617756263,2564.495332830217,-2564.4948807408787
1413,Zr6Sn6Eu,0.1379070089861619,2564.8752015458185,-2564.8751980181373
1414,Au6Sn6Eu,0.1056213497886408,2567.056846343917,-2567.0486614336987
1415,Ni6Pb6Tb,0.1790490490256529,2571.838114692151,-2571.8381146919687
1416,Re6Si6Ce,0.1088231396154134,2580.4701699412235,-2580.4663544282794
1417,Ni6Pb6Dy,0.1895732257347863,2594.6987240503013,-2594.6987240502867
1418,Mn6Pb6Ho,0.3304597750213024,2595.4704395956687,-2595.4704395956687
1419,W6Ge6Ce,0.0901746511750643,2598.142651048561,-2597.8051821563267
1420,Ag6Ge6Tm,0.1783421747719109,2608.081662473749,-2608.0816624735303
1421,Ag6Si6Tm,0.3018562070030598,2616.613957362566,-2616.613957362566
1422,Co6Pb6Pr,0.3494722663971098,2644.793318194004,-2644.793318194004
1423,Ag6Ge6Ho,0.1624705652190174,2647.803564672475,-2647.803564662451
1424,Hf6Sn6Lu,0.1136213228878624,2663.960494053363,-2663.9592487814193
1425,LaPb6Zr6,10.0,2671.315918660058,-2671.315918660058
1426,Zn6Sn6Dy,0.1199940918982681,2672.6162862746355,-2672.61601560777
1427,Cr6Sn6Ho,0.1247841450047331,2677.5502285039674,-2677.5501426094083
1428,Re6Si6Sm,0.1186789597348068,2692.746104837931,-2692.74573092456
1429,Co6Pb6Tb,0.3284960503383796,2694.812288185586,-2694.812288185586
1430,Cr6Sn6Er,0.1220034355019564,2712.66595494794,-2712.6657853347715
1431,Pt6Pb6Er,0.2735555332951825,2713.4685946880118,-2713.4685946880118
1432,W6Ge6Pm,0.1432973277662791,2716.5466916636847,-2716.5466906389684
1433,Rh6Pb6Dy,0.0637316403611592,2932.529114035635,-2723.013624522048
1434,Zr6Ge6Sm,0.3122309251832956,2723.4344531734023,-2723.4344531734023
1435,Ag6Sn6Tm,0.0639329473353393,2923.9166397135386,-2724.533342923951
1436,Ni6Pb6Pm,0.099237232520427,2733.0016668158755,-2732.9613360309227
1437,Ag6Si6Er,0.2968629884813095,2742.616986777423,-2742.616986777423
1438,Cu6Ge6Nd,0.0599122981215686,3327.155601905308,-2762.923962056459
1439,Re6Si6Gd,0.1124177619565505,2765.9009858864993,-2765.8992599652033
1440,Pt6Pb6Eu,0.1466757476296949,2766.2514884075704,-2766.251487943757
1441,Zn6Sn6Tb,0.1158319974180868,2775.56702494583,-2775.5662616935956
1442,Ag6Si6Sm,0.2948826132003744,2775.6172812651885,-2775.6172812651885
1443,Ni6Pb6Pr,0.152620959182677,2802.240098112153,-2802.24009799936
1444,Zr6Sn6Pr,0.1265654238391979,2812.5542617864257,-2812.554202947458
1445,Ta6Si6Eu,0.3223657545130085,2812.8874347244678,-2812.8874347244678
1446,Hg6Si6Pr,0.5147497025384751,2827.0838344804097,-2827.0838344804097
1447,Ni6Pb6Gd,0.1742028553016488,2829.508099592528,-2829.508099591887
1448,Ag6Si6Ho,0.2917088959150457,2838.0212604824646,-2838.0212604824646
1449,Rh6Pb6Tm,0.0817386636206007,2841.9005529818614,-2839.106189152653
1450,Zr6Sn6Pm,0.0951446183180982,2841.769091609014,-2841.6571075628062
1451,Ta6Si6Tb,0.2615319618863122,2843.947188857884,-2843.947188857884
1452,Ag6Si6Dy,0.3026018205076681,2845.3617220477117,-2845.3617220477117
1453,Ag6Si6Pm,0.2359804257447685,2848.540274433136,-2848.540274433136
1454,Os6Sn6Tb,0.1101968141017635,2857.81667753905,-2857.813638687221
1455,Mn6Pb6Lu,0.3254524976612176,2859.0122073100515,-2859.0122073100515
1456,Au6Pb6Tb,0.152243428922336,2877.499347737116,-2877.4993476103086
1457,Ag6Sn6Er,0.0608390675742585,3341.5758282132183,-2880.1048625763992
1458,Ni6Sn6Pr,0.0672856112925875,2974.423257867489,-2881.9664228590977
1459,Zr6Sn6Ce,0.1267728624546515,2882.6484664264153,-2882.6484090498757
1460,Re6Sn6Pr,0.2831287283541522,2888.4040591580424,-2888.4040591580424
1461,W6Pb6Dy,0.9516749101602296,2897.8533614470566,-2897.8533614470566
1462,Re6Sn6Pm,0.2836844073621451,2902.6378728424324,-2902.6378728424324
1463,Zr6Ge6Eu,0.2998155087881282,2904.3305757802127,-2904.3305757802127
1464,Hg6Si6Tb,0.1754237441674293,2912.523638790596,-2912.5236387901036
1465,Cu6Ge6Tb,0.0546514430268029,5756.7942628206,-2916.5113553185424
1466,Re6Si6Nd,0.1270046677470207,2917.4327027487616,-2917.4326478222156
1467,Pd6Ge6Ho,0.0877687717247562,2932.6667106114865,-2931.988166846351
1468,Hg6Ge6Nd,0.4038678686903676,2933.722575688013,-2933.722575688013
1469,Re6Si6Pr,0.130030607846359,2934.4331374292024,-2934.433110704684
1470,Co6Pb6Pm,0.2879902585868032,2939.8306683479323,-2939.8306683479323
1471,W6Ge6Tb,0.1069782460417714,2945.8366964467496,-2945.8299144577504
1472,Zr6Ge6Pm,0.26305244891096,2980.9603401680597,-2980.9603401680597
1473,Os6Pb6Pm,0.493898967613331,2989.8976828140903,-2989.8976828140903
1474,Co6Pb6Sm,0.3395021264995011,3002.4428905284503,-3002.4428905284503
1475,Ag6Ge6Lu,0.1884613019977732,3004.8125661736435,-3004.8125661736212
1476,Mn6Pb6Gd,0.3314125488858218,3016.214890505982,-3016.214890505982
1477,Co6Pb6Yb,0.2326403120163712,3026.5717311847984,-3026.5717311847984
1478,Hf6Sn6Er,0.1170786553550906,3077.622695686391,-3077.622068218138
1479,Au6Ge6Eu,0.1065811405534241,3079.498860014127,-3079.491061372131
1480,Zr6Ge6Pr,0.2999410730106696,3079.609286036574,-3079.609286036574
1481,Hg6Si6Eu,0.45544580222423,3080.237332072835,-3080.237332072835
1482,Zn6Ge6Sm,0.1100925018052949,3085.451890719915,-3085.4485266386914
1483,Zr6Sn6Dy,0.1425641675382365,3086.3689755092164,-3086.368974121016
1484,Co6Pb6Eu,0.34031480575059,3094.466714577137,-3094.466714577137
1485,Co6Pb6Nd,0.3430213196858795,3101.1232351864496,-3101.1232351864496
1486,Ir6Pb6Pr,0.2329016124913265,3109.7801756880817,-3109.7801756880817
1487,W6Sn6Tb,0.2991706505237557,3110.861878847589,-3110.861878847589
1488,Zr6Ge6Nd,0.2981158065407249,3134.9373115326407,-3134.9373115326407
1489,Zr6Ge6Ce,0.2797966406450399,3148.219172548086,-3148.219172548086
1490,Ta6Si6Ce,0.2701622885092122,3148.3037596847516,-3148.3037596847516
1491,Ni6Ge6Eu,0.0525803921155628,10541.290243013227,-3163.609596506982
1492,Ir6Pb6Nd,0.2455970900787284,3163.8988247553757,-3163.8988247553757
1493,Ni6Pb6Sm,0.1688104807757911,3168.8496041149456,-3168.849604112326
1494,Ni6Pb6Nd,0.1533474689603561,3183.359339543121,-3183.35933943549
1495,Ta6Si6Pm,0.2055742169964858,3186.260256050746,-3186.2602560507457
1496,Cr6LaPb6,10.0,3217.3242417888055,-3217.3242417888055
1497,LaMn6Pb6,10.0,3218.0441277380564,-3218.0441277380564
1498,Ag6Si6Lu,0.3155880586906682,3235.8855717756414,-3235.8855717756414
1499,Ag6Ge6Tb,0.1578345610899628,3240.9130755093447,-3240.913075472017
1500,W6Pb6Gd,0.9572678697462572,3251.3580701468977,-3251.3580701468977
1501,Ag6Si6Eu,0.2943814188800625,3262.8220482755355,-3262.8220482755355
1502,Hf6Si6Er,0.4028981779719591,3276.7144953696634,-3276.7144953696634
1503,Ta6Pb6Yb,0.3550270364704525,3281.303268054923,-3281.303268054923
1504,Hg6Ge6Pm,0.4014752811372279,3283.2436760320024,-3283.2436760320024
1505,Mn6Pb6Er,0.3313312719708688,3283.2468062210028,-3283.2468062210028
1506,Hf6Si6Lu,0.4082388156207485,3295.8959892498315,-3295.8959892498315
1507,Fe6Pb6Ho,0.4394431113406206,3342.897431044492,-3342.897431044492
1508,Ni6Pb6Ce,0.1747850774259244,3348.5381967166654,-3348.5381967160056
1509,Rh6Pb6Ho,0.0723084315242984,3383.172736593724,-3351.3247264406637
1510,Zn6Pb6Gd,0.1726446019505422,3363.991504274832,-3363.991504273724
1511,Ir6Pb6Ce,0.2544026715535105,3386.53330335839,-3386.53330335839
1512,Fe6Pb6Gd,0.4475154541070086,3390.0743422877463,-3390.0743422877463
1513,Cr6Pb6Ho,0.4183277466460452,3391.5971669497403,-3391.5971669497403
1514,Hg6Ge6Sm,0.4129100108317369,3399.8038368302828,-3399.8038368302828
1515,Mn6Pb6Yb,0.2327442317892875,3410.5289854507782,-3410.5289854507782
1516,Fe6Pb6Er,0.4413740084192175,3416.033023469872,-3416.033023469872
1517,Cu6Ge6Pr,0.0672879953523072,3528.2296649736295,-3418.6200959365824
1518,Ir6Pb6Tm,0.3106852247591824,3424.832663300407,-3424.832663300407
1519,Hg6Ge6Pr,0.4009224969338888,3435.0055857675698,-3435.0055857675698
1520,Os6Pb6Nd,0.548031986936198,3456.1044339584323,-3456.1044339584323
1521,Hg6Si6Dy,0.5440165044483053,3467.1732687302383,-3467.1732687302383
1522,Zn6Si6Er,0.1949616650215392,3476.3852641704516,-3476.385264170446
1523,Hg6Si6Er,0.1978886469816242,3495.8362698817655,-3495.8362698817627
1524,LaMo6Pb6,10.0,3511.7132720618497,-3511.7132720618497
1525,Cr6Pb6Tm,0.41224073206582,3517.359417142354,-3517.359417142354
1526,Hg6Ge6Ce,0.4180700696645396,3528.478525805211,-3528.478525805211
1527,Hf6Si6Tm,0.4051750477626979,3540.9693012272705,-3540.9693012272705
1528,Au6Si6Tm,0.2340172216893558,3541.16802875184,-3541.16802875184
1529,Ag6Sn6Lu,0.0701876415919951,3607.087502465067,-3550.7740992659315
1530,Cu6Ge6Ce,0.0669581962133807,3703.521773343629,-3579.148687609702
1531,Hg6Si6Ho,0.5456271148399167,3605.5432571074884,-3605.5432571074884
1532,Hg6Si6Ce,0.5112642185474849,3615.7469899762878,-3615.7469899762878
1533,Os6Pb6Lu,0.5672905971676588,3636.131654670851,-3636.131654670851
1534,Fe6Pb6Lu,0.4288245273986873,3645.041351813765,-3645.041351813765
1535,Ni6Sn6Eu,0.0586475997303941,4746.060180275399,-3687.6077719857126
1536,Ta6Sn6Gd,0.0553625252624705,6514.751534953883,-3695.6882922279706
1537,Hg6Ge6Eu,0.3776732320063835,3708.711393089402,-3708.711393089402
1538,Zn6Ge6Pm,0.0790176921598726,3763.0119009465675,-3755.9059585833656
1539,Hf6Si6Sm,0.3901990987227546,3758.669663737315,-3758.669663737315
1540,Ag6Si6Nd,0.2948561760791396,3778.2930975473028,-3778.2930975473028
1541,LaSn6Ta6,10.0,3784.7274474055853,-3784.7274474055853
1542,Ag6Si6Tb,0.3050614566089044,3814.1736302037834,-3814.1736302037834
1543,Re6Pb6Yb,0.6350010383092509,3876.751289471718,-3876.751289471718
1544,Hf6Si6Pm,0.3658369075075262,3883.3389376336722,-3883.3389376336722
1545,Ag6Si6Pr,0.2835057666028743,3889.5993553335056,-3889.5993553335056
1546,Ta6Ge6Nd,0.1077157603582473,3904.6593112945943,-3904.651780166654
1547,Hg6Ge6Tb,0.4234443548983899,3944.069437719083,-3944.069437719083
1548,W6Sn6Eu,0.3679655469255052,3966.681896366861,-3966.681896366861
1549,Ta6Ge6Sm,0.112770287646334,3967.2520639070212,-3967.2497891753555
1550,Hg6Sn6Ho,0.2022343864292338,3979.2623112717456,-3979.2623112717447
1551,Os6Pb6Tm,0.5428210068913193,3984.2416670018856,-3984.2416670018856
1552,Hg6Si6Lu,0.5510958314710833,4020.7560401125156,-4020.7560401125156
1553,Hf6Si6Dy,0.3946135965829698,4036.6547724258817,-4036.6547724258817
1554,Pd6Ge6Lu,0.0967828384742423,4048.6527513135734,-4048.545073088936
1555,Hg6Si6Yb,0.3687085466308026,4062.0512430806034,-4062.0512430806034
1556,Os6Pb6Gd,0.5408038766525054,4064.670593171889,-4064.670593171889
1557,Ir6LaSn6,10.0,4068.0750659877413,-4068.0750659877413
1558,Zn6Ge6Pr,0.1169259729179925,4069.725938211474,-4069.725077503676
1559,Fe6LaPb6,10.0,4072.292174111894,-4072.292174111894
1560,Zn6Si6Nd,0.1915916001125453,4072.3212722111457,-4072.3212722111316
1561,Ta6Ge6Pm,0.0858442321614845,4135.425693210919,-4133.907238159003
1562,Hf6Ge6Dy,0.2894838658848111,4153.8564978799695,-4153.8564978799695
1563,Hf6Ge6Lu,0.2954256201209398,4157.080705981983,-4157.080705981983
1564,Cu6Pb6Sm,0.1201637763947232,4158.674996182895,-4158.674591823874
1565,Ag6Ge6Sm,0.153297198443954,4208.024413929445,-4208.0244137854415
1566,Zn6Sn6Eu,0.0929118591603875,4220.9343327324905,-4220.650088347667
1567,LaNb6Sn6,10.0,4230.865447770942,-4230.865447770942
1568,Pt6Ge6Ho,0.1268623018584199,4236.803971144801,-4236.803888605895
1569,Ag6Ge6Pm,0.1370540087487249,4263.231934056354,-4263.231926860691
1570,Zn6Si6Pr,0.2003383885254199,4272.904558306931,-4272.904558306929
1571,Cu6Pb6Nd,0.121683223812522,4288.5126796836885,-4288.512390118847
1572,Ni6Ge6Pr,0.0618066320113783,4842.875433228155,-4304.970403382781
1573,Ag6Ge6Nd,0.1523723326665971,4327.055444230975,-4327.055444046097
1574,Hf6LaSi6,10.0,4328.464235319979,-4328.464235319979
1575,Ta6Pb6Tm,0.4521645085893627,4335.072982738181,-4335.072982738181
1576,Re6Pb6Eu,0.7538038481631202,4341.7413472575645,-4341.7413472575645
1577,Zn6Si6Sm,0.1920132281080472,4344.384477998705,-4344.384477998691
1578,Hg6Si6Gd,0.5120308230229018,4346.724001360495,-4346.724001360495
1579,LaPb6Re6,10.0,4378.222835950341,-4378.222835950341
1580,Ag6Ge6Ce,0.1473672162880159,4400.3297205232175,-4400.32971989824
1581,Os6Pb6Dy,0.5415054478325605,4403.172906421783,-4403.172906421783
1582,Au6Ge6Ho,0.149086749510833,4442.760749102077,-4442.760748684435
1583,Pd6Ge6Er,0.0871947366709363,4463.005372523749,-4461.820239213772
1584,LaPd6Ge6,10.0,4463.400484807082,-4463.400484807082
1585,Zn6Si6Ce,0.1850903447200688,4480.170395151501,-4480.170395151426
1586,Re6Pb6Lu,0.7032604007785994,4493.559586789324,-4493.559586789324
1587,Hf6Si6Ce,0.3690355315684516,4504.717678936587,-4504.717678936587
1588,Hf6Si6Tb,0.3961383876766444,4522.5003664086325,-4522.5003664086325
1589,Ta6Ge6Pr,0.1127392780471486,4565.007371944397,-4565.004734920823
1590,Ta6Ge6Er,0.1132998871349262,4568.828686929724,-4568.826379944808
1591,Hf6Ge6Er,0.2940566286604353,4592.916636609862,-4592.916636609862
1592,Rh6Ge6Ho,0.0596865851991915,5596.621955269613,-4599.400815100424
1593,Ag6Ge6Eu,0.1516403662065847,4608.437796275857,-4608.437796041143
1594,Zn6Si6Pm,0.1309380384833274,4615.600229689236,-4615.600195880281
1595,Hf6Sn6Dy,0.1146941169831664,4631.130080072146,-4631.128406650537
1596,Hg6Ge6Tm,0.4434895268429633,4632.156068517604,-4632.156068517604
1597,Ta6Pb6Er,0.4539791941844076,4635.686565587712,-4635.686565587712
1598,Ag6Si6Ce,0.282203637983818,4641.737732644652,-4641.737732644652
1599,Zn6Ge6Nd,0.1064508396593545,4642.080766943468,-4642.068637721003
1600,Hf6Si6Gd,0.3898803646223734,4663.711945911614,-4663.711945911614
1601,Nb6Pb6Sm,0.3089432210290231,4667.285955553227,-4667.285955553227
1602,Ag6Ge6Pr,0.1558744121410067,4703.777179775986,-4703.777179689267
1603,Cu6Pb6Ce,0.1229985441767411,4717.244286562797,-4717.24405427266
1604,Hf6Si6Pr,0.3824512176050804,4731.194638168435,-4731.194638168435
1605,Hg6Ge6Ho,0.4294596878864034,4739.500177564933,-4739.500177564933
1606,Hf6Si6Nd,0.3777012304628303,4754.684833658831,-4754.684833658831
1607,Ta6Ge6Ce,0.1000580872215389,4797.823306067224,-4797.765164951608
1608,Ni6Pb6Tm,0.1926829285600461,4870.654709563076,-4870.654709563063
1609,Re6Pb6Er,0.70011932189097,4912.864306746872,-4912.864306746872
1610,Fe6LaSn6,10.0,4915.831774711593,-4915.831774711593
1611,Hf6LaSn6,10.0,4930.411252994628,-4930.411252994628
1612,Cu6LaSi6,10.0,4969.445551313351,-4969.445551313351
1613,Zn6Ge6Lu,0.1335741461947126,4979.448038312262,-4979.448018938165
1614,Zn6Ge6Ce,0.1224024826357002,4981.582931543578,-4981.582648510193
1615,Hf6LaGe6,10.0,5000.565338481745,-5000.565338481745
1616,Cu6Pb6Pr,0.1274733029560975,5006.050613613544,-5006.050529390581
1617,LaTa6Ge6,10.0,5028.444260300474,-5028.444260300474
1618,Ta6Ge6Lu,0.1204946214396106,5039.531003559381,-5039.530550955707
1619,Hf6Si6Eu,0.394689646794457,5041.283458120092,-5041.283458120092
1620,Hf6Sn6Gd,0.0983338733794229,5101.200523388001,-5101.107020261768
1621,Nb6Pb6Pm,0.2481140905688898,5131.642848604154,-5131.642848604154
1622,Ir6Pb6Tb,0.2795533342592075,5355.767540080637,-5355.767540080637
1623,Zn6Pb6Lu,0.1913824483225343,5470.506579502785,-5470.506579502765
1624,Co6LaSn6,10.0,5475.263502374839,-5475.263502374839
1625,Hf6Ge6Gd,0.2793555252465863,5508.071504052367,-5508.071504052367
1626,Cd6Si6Lu,0.4590455679983656,5516.343961862925,-5516.343961862925
1627,Hf6Si6Ho,0.3969436043577955,5594.416593790903,-5594.416593790903
1628,Zn6Sn6Lu,0.1335988145195341,5601.448436870346,-5601.448415204811
1629,Ta6Pb6Ho,0.4543165515420637,5653.769694329655,-5653.769694329655
1630,Re6Si6Tb,0.0647193627096984,6011.969716394497,-5670.520358567464
1631,Cu6Pb6Pm,0.0616596096525374,6410.505514081982,-5674.377319288505
1632,Cu6Pb6Dy,0.1164878220208614,5728.279558671629,-5728.278212862292
1633,Os6Pb6Ce,0.5199089346104361,5755.37245050554,-5755.37245050554
1634,W6Ge6Eu,0.1863161077403291,5808.861007325351,-5808.861007325279
1635,Nb6Pb6Nd,0.309984556965147,5818.570323885854,-5818.570323885854
1636,Nb6Pb6Ce,0.3078445312252619,5827.5261995337,-5827.5261995337
1637,Hf6Sn6Ho,0.1140953640762924,5921.313271269513,-5921.310800997152
1638,Zn6Ge6Tm,0.1268566541908728,5980.498205159502,-5980.49808849295
1639,Os6Pb6Eu,0.5458602226926488,6080.948046796658,-6080.948046796658
1640,Zr6Ge6Dy,0.3167702347133238,6088.8782386703815,-6088.8782386703815
1641,Re6Pb6Dy,0.7030535421875079,6124.527734555632,-6124.527734555632
1642,Zr6Ge6Gd,0.3074140154948309,6129.017819724588,-6129.017819724588
1643,Cd6Si6Er,0.4375768369361825,6193.268845318923,-6193.268845318923
1644,Hg6Si6Tm,0.5508525434409659,6214.818365572122,-6214.818365572122
1645,Hg6Ge6Yb,0.29626444986511,6401.923843907668,-6401.923843907668
1646,Zn6Ge6Dy,0.1166077538640527,6431.186707408352,-6431.185239327836
1647,Zn6Pb6Tm,0.1897336776134267,6598.354475774515,-6598.354475774479
1648,Nb6Pb6Pr,0.3127024317235448,6607.942159634245,-6607.942159634245
1649,Zn6Si6Dy,0.1968734227258113,6662.9345371852405,-6662.934537185234
1650,Hf6Sn6Tm,0.1200788604434783,6733.488087095271,-6733.487418900463
1651,Cd6Sn6Tm,0.1070428777421612,6801.784107008657,-6801.7686887737555
1652,Zn6Sn6Gd,0.1137778338950295,6819.1132225173815,-6819.110152427569
1653,Zn6Si6Tb,0.1992944153992241,6878.344777946905,-6878.344777946902
1654,Ni6Pb6Lu,0.2093014752156556,6902.971256942484,-6902.971256942484
1655,Ta6Ge6Gd,0.1061823911519428,6951.197502101191,-6951.178130727065
1656,Hf6Ge6Tm,0.2976981485624037,6966.4238235694875,-6966.4238235694875
1657,Ta6Ge6Dy,0.1128168182388539,7053.668136730894,-7053.664137232858
1658,Pd6Sn6Ho,0.0590592119249165,8886.553319024855,-7072.090017333402
1659,Os6Pb6Tb,0.5410823433849773,7076.558179531674,-7076.558179531674
1660,Cd6Ge6Tm,0.2479179685515797,7078.711403497267,-7078.711403497267
1661,Zn6Si6Gd,0.1955671353141453,7136.456130991209,-7136.4561309912
1662,Zn6Pb6Er,0.1827113621083621,7141.285727763774,-7141.285727763564
1663,Re6Pb6Gd,0.7037293911101015,7165.521785277928,-7165.521785277928
1664,Zn6Si6Ho,0.2001435585062395,7185.452016282786,-7185.452016282782
1665,Zn6Pb6Ho,0.1838957215565573,7188.249723702197,-7188.249723702038
1666,Ir6Pb6Eu,0.2064766821144298,7228.4274782185485,-7228.427478218548
1667,Cd6Sn6Ho,0.0982981022869616,7400.439230030763,-7400.302413163042
1668,Ta6Si6Lu,0.2775439878818526,7410.548083887294,-7410.548083887294
1669,Zn6Ge6Tb,0.1133464746125312,7505.209220345878,-7505.205472801009
1670,Zn6Si6Lu,0.2080231354964143,7529.098580608264,-7529.098580608263
1671,Fe6LaGe6,10.0,7536.006035822383,-7536.006035822383
1672,Ta6Ge6Tm,0.1194201173102109,7605.976187057506,-7605.975303002678
1673,LaTa6Si6,10.0,7621.425150714316,-7621.425150714316
1674,Re6Ge6Eu,0.0899277330163396,7866.617157723471,-7865.532997440991
1675,LaNi6Pb6,10.0,8077.5470120815335,-8077.5470120815335
1676,Ta6Ge6Ho,0.114271444847507,8101.377744674485,-8101.374504766551
1677,Zn6Si6Yb,0.097538225777773,8235.21549977047,-8235.032791269725
1678,Cd6Si6Ho,0.4438818125918181,8259.285311200154,-8259.285311200154
1679,Ta6Ge6Tb,0.1134521309011452,8273.912037816066,-8273.908009882363
1680,Ni6Pb6Er,0.1955235988076444,8339.38027508384,-8339.38027508383
1681,Zn6Si6Tm,0.2046617914810763,8540.993503284155,-8540.993503284153
1682,Cu6Pb6Tb,0.1138072590703015,8630.352713237024,-8630.34885503718
1683,Re6Si6Eu,0.0910498532749148,8741.62100824213,-8740.700674881618
1684,Nb6Pb6Tb,0.3042737619477703,8744.74958670573,-8744.74958670573
1685,Ni6Pb6Ho,0.192113569479942,9010.527430837505,-9010.527430837477
1686,Cd6Ge6Yb,0.0995973225735068,9099.329951136297,-9099.206789903548
1687,Ta6Si6Dy,0.2621625541227725,9165.95189146118,-9165.95189146118
1688,Cu6Pb6Tm,0.1314704464996884,9214.068064768346,-9214.068005371726
1689,Ag6Ge6Dy,0.1617924387193141,9453.52125412902,-9453.521254086907
1690,Zn6Si6Eu,0.2172859629897806,9483.113444737235,-9483.113444737235
1691,Cu6Ge6Eu,0.0705839628307091,9865.415896469305,-9725.273555817468
1692,Ta6Ge6Eu,0.1688758029718564,9870.041004387958,-9870.041004379926
1693,Cu6Pb6Lu,0.1450786158811573,9917.166324027858,-9917.166321588309
1694,Ta6Si6Er,0.2688705725201206,9948.830204677217,-9948.830204677217
1695,Zn6Ge6Eu,0.1253294570240629,10519.290569575105,-10519.290273517488
1696,Cu6Pb6Gd,0.1200236303593904,10547.05354982392,-10547.05248922588
1697,Ag6Ge6Gd,0.1449561790291436,10760.044145908898,-10760.044143183077
1698,Ta6Si6Gd,0.2658185275967465,10833.57062592764,-10833.57062592764
1699,Cu6Pb6Er,0.1224093699528974,10883.30999828865,-10883.30938096427
1700,Cu6Pb6Ho,0.1188003043269842,11272.33259048677,-11272.331070143853
1701,Nb6Pb6Eu,0.3416879757623532,13185.712181008725,-13185.712181008725
1702,Cu6Pb6Eu,0.1149507987492316,15785.793993573909,-15785.788630290896
